current_difficulty,accuracy_last_5,time_ratio_avg,success_on_next_level
1,0.4215760729443581,0.3574018640175249,0
0,0.5786091467503012,1.1943960307438382,1
2,0.8176206776345135,0.5731256639779068,1
0,0.833276115871134,1.7128421693885532,0
0,0.5061110611908678,1.0372689477635477,0
2,0.8068091206053948,0.7154244536606109,1
1,0.5192719407939067,1.4660798848057235,0
0,0.4124969293333707,0.7449088201892513,0
2,0.9506419033030458,0.9401325525602148,1
0,0.9671782317416117,0.5623441589992749,1
0,0.9977666319819206,2.0793317655250916,0
2,0.6701760039252243,0.5305230678859103,1
0,0.9691266630356542,0.8868008743394783,1
0,0.7509387858415963,1.9222962900905451,0
1,0.6642408544362227,1.1498855212803436,1
1,0.657584539702162,1.0649378763579236,1
0,0.7827564955728449,0.8161340776328112,1
1,0.8806973657457341,1.237234551135649,0
1,0.34000805444673565,0.5794272657518132,0
0,0.5656507410401642,0.9175156423255328,0
2,0.5042947459502152,0.5812258727427501,1
1,0.5609133946017401,1.6625855355775894,0
0,0.9222096295278986,0.8970090427418594,1
0,0.9004239678769386,1.2854901896026183,0
2,0.7241841524829494,0.5779414285446292,0
0,0.4720582374943062,0.6925487879846904,0
0,0.8288585570988795,0.834447485071279,1
2,0.719975362237188,0.6249033502579125,1
2,0.6939082100677998,1.7908768248883822,1
0,0.4311329236703369,0.6701714568785027,0
2,0.3340056261564881,0.6504902594099149,0
1,0.6805366003631823,0.6336802142167012,1
2,0.8871415916681976,0.42773238229134064,1
2,0.8485994465083673,1.3675514555634842,0
2,0.8805018907868473,1.287815868356519,1
0,0.8814749355223308,0.987737040989469,1
0,0.5694244182399107,0.5771351017958006,1
2,0.864637946832925,0.46409535224805437,1
0,0.8400497942622137,0.9971237282908386,0
1,0.8611740611873973,0.566051366267821,1
0,0.48703801501531274,1.6280186966986399,1
2,0.2983312573485523,0.9425733452881705,1
1,0.8529132691171486,1.1412170899542475,1
2,0.7459705911015728,0.7841321912386966,1
0,0.6901321039002829,1.126141699195765,0
1,0.7210171131005981,1.5803696074777556,0
0,0.6754217434648239,0.928494888235174,1
2,0.4068068620881561,1.2206595293200293,1
0,0.8223838173687025,1.464915638475632,0
0,0.7777035013308776,0.929665431076434,1
1,0.807526331004937,0.9057021337813559,1
2,0.9548533487586159,1.1998325340425973,1
0,0.517233989764666,0.4774480989060718,0
0,0.8761558572945877,0.9828560678425269,0
0,0.6419977160757031,0.9921393576167279,1
2,0.9766617648630337,1.6606312709863624,1
2,0.8563232990183722,1.387093088612204,0
2,0.7793295819121884,0.729959390108249,0
0,0.5902049945490488,0.7892640892647799,0
0,0.8589294365102649,1.0346953797466247,1
0,0.751280784211301,1.1296993240599167,0
2,0.7719251814777066,1.3352478568890165,1
1,0.5514333581305998,1.2040202454128681,1
2,0.8656856930679585,1.0266665133249375,1
2,0.9590421337450524,1.4684866876203189,0
2,0.819683702524934,1.2395233813101039,0
2,0.45261072141313474,1.0916330099501157,0
0,0.8932366711106985,0.5132738202073753,1
0,0.6334321341298661,0.8764330934028908,1
2,0.7691237202681501,1.0320936393925384,0
2,0.7836219313415906,0.8730900883672124,1
0,0.7369408937500256,1.511988147234204,0
1,0.4934795521723676,0.5320195546047456,1
1,0.5112759260600745,1.657157900902446,0
0,0.7279594363380412,1.528055068472233,1
0,0.6032796257234438,1.1590442195799389,0
2,0.5522420132668103,1.2039365888605982,0
2,0.579657320218004,1.499312693740188,0
0,0.9338436212420287,0.8817065546951349,1
2,0.8930592445807626,1.6783960502773159,0
0,0.5915280565518377,0.8743231392805704,0
0,0.38045318572760006,1.2697849916606405,0
2,0.8709173588675913,0.8098155491698911,1
1,0.7793499548847069,0.8850962355985226,1
1,0.5188081422379891,1.2863477316540162,1
2,0.6709936825487225,1.42070896306788,1
0,0.9248438722762827,0.9081629419046858,1
0,0.7872722407140763,1.1706811171072946,0
0,0.875547363430773,1.3238165433388633,0
0,0.8406439455175142,0.9582500923602192,0
2,0.8457795547104234,0.7382493538876018,1
0,0.6257361947433703,0.5851479495915521,0
0,0.738678450716322,0.6822689587609668,0
0,0.5390113498928364,0.8694265921067137,1
2,0.9400900958224598,1.2307805342707523,0
1,0.5538095794414344,0.6927453328792051,1
0,0.7733215258352519,1.0403700708233263,1
1,0.7901856679520296,0.7995869076519012,1
1,0.5389197278390548,0.6151567334402545,1
2,0.5268284353305835,1.1391476561499958,1
2,0.8946715853388699,0.40565035624839163,1
1,0.6735531814181597,1.0766204268299693,1
2,0.5476699379310664,1.2621419819838962,0
0,0.9225897571471207,1.2954723022513208,0
1,0.6501765553250993,0.9477020456185637,0
0,0.6411168670831722,1.1414133867588687,0
2,0.6906512639389099,0.47878860666597634,1
0,0.794161303853905,1.580982740067495,0
0,0.8759961685903583,1.9664247432241149,0
1,0.5653469577252057,2.8649110909177997,1
0,0.5617214298000729,1.0023650888436424,0
1,0.6235298664655072,0.8091786006377067,1
2,0.7525602473968878,1.285355175097936,1
0,0.4654135535672888,0.6563900272990867,0
0,0.7877529479448389,1.958868507777895,0
2,0.44959131488521514,1.1345666344157643,1
1,0.776378744869751,0.7037117377345942,1
1,0.39778696939359437,1.0179166435884435,1
0,0.9384453934160891,1.0037479750348766,1
2,0.6528514449414573,1.1008200311463119,1
0,0.5475133617591764,0.9529311184932797,1
1,0.522099244202739,0.9133984354363103,0
1,0.4073128982572511,0.777812253577079,1
1,0.8855653459579751,0.8001137352923138,1
1,0.758257575681384,1.159823681111731,1
2,0.7642458646256346,0.7154339632478166,1
0,0.8487689144681168,1.3292101413360933,1
0,0.6505528154553814,1.0320017350405362,0
0,0.5945107600114902,0.6924200949061127,0
0,0.8849111184554042,0.9348481385874844,1
0,0.9196745746221889,0.6540146990500294,1
1,0.9891635210185923,1.8419109350765563,0
1,0.7404729994058155,0.8997933635738844,1
2,0.6651695239811594,1.2954920373763321,1
2,0.45734632964394273,0.9526328386575125,1
2,0.7575041624166337,0.8742369848775413,0
1,0.8920355648430104,1.0099594909184728,0
1,0.7235920657486449,0.9869742148732077,0
0,0.9910558420190294,0.7834783000795258,1
0,0.640822723888743,0.5908447097709622,1
0,0.8223845005097493,1.0498320735865676,0
0,0.7116437490203574,0.6303458161500693,1
1,0.6270923247435728,1.250490072681705,1
0,0.8008613230087227,0.781298082291426,1
0,0.5943498580888306,0.8274879778585988,1
1,0.45745457193333944,1.8040965649442093,0
0,0.8807006081764347,2.2454368053684446,1
0,0.8665196645947313,0.9229018959454124,1
2,0.572045175870188,0.912814623623198,1
2,0.770269016678678,1.361527529643691,0
1,0.8533558006594936,0.6448370531307924,1
0,0.870804337672888,1.5377829886724643,0
0,0.5258237482108552,0.6364432318628885,1
0,0.5079785631476114,0.6636246207530114,0
1,0.6339454335206949,1.7389658418334295,0
2,0.8140942163017608,0.6870244039199369,1
1,0.6745782336349316,1.0602496698596622,0
2,0.8911821460186813,1.0522089791437779,1
1,0.9011668655991422,1.0558851118859331,1
0,0.9138165950332336,0.5225137599002974,1
0,0.9218916571199229,1.6423754833324276,0
0,0.7401256097708875,1.1336822479880164,0
2,0.27869268941853126,1.0880858569619594,0
2,0.7407138011560126,1.2008315337470232,0
1,0.5871501776716661,0.9322125172221823,1
1,0.7290510063510194,1.0599353076233913,0
2,0.9492617735971756,0.9431836084526454,0
1,0.8743392449962417,0.5844186011375837,1
2,0.7868942854757615,1.6551708227329465,0
2,0.7836016110526943,0.9534995341629766,0
1,0.9583664335971799,1.5991147471890783,1
0,0.5673803654645714,0.5008054925723108,0
2,0.8071684936142537,0.7699689523507347,1
1,0.7289633661651397,1.7355448722362208,1
0,0.38811468500633095,0.5284552744474748,0
2,0.6993724261902488,0.7832142787301569,0
0,0.9247916739436773,0.65299413856719,1
1,0.576607387101178,1.6536503139398606,0
0,0.7385415572817693,0.9482035155653283,0
1,0.6981618523558923,1.6369841954974063,0
2,0.4698716668635371,1.3940250079413445,1
2,0.9481450546369706,0.8048109258513714,1
0,0.949032165355,1.145744436374401,1
1,0.8625787324181915,0.8591857509759893,1
2,0.8589745177372904,0.6956273488691083,1
1,0.8487426108191053,0.8846095795144844,1
1,0.6941311922569536,1.138537303467747,0
1,0.5918675156384045,0.7505851811810735,0
2,0.7048631257080087,0.4702078446759215,1
0,0.39732793687395457,1.2066263975536418,0
2,0.659533080233354,0.6876615114439252,1
1,0.41404872487308975,0.5183362695181659,1
0,0.813871623064688,1.1657315368826435,1
0,0.568144804770819,0.5606132695020623,0
2,0.7140760929157961,0.5999906697906141,1
2,0.786562845833611,0.5052545621575588,1
2,0.6376028401764339,0.8628158976831051,0
2,0.49018908274473816,1.3612027131327928,1
1,0.9193984804013977,1.5271383218572974,0
1,0.7523285830497433,0.45170913918771183,0
2,0.8088769223812976,0.8925302655818004,1
0,0.655884946874635,1.5175080850825937,1
2,0.565120468283647,1.0450536176971517,0
1,0.7749445545565884,1.2652554199012673,0
0,0.618848854832215,1.6110472708169765,0
0,0.6201480705624418,1.1070560933335407,1
2,0.7592741046328498,0.8892509653228902,0
0,0.7347811405413441,1.4870725910360165,0
2,0.8975801560650712,0.6902949093190196,1
2,0.9022411257777395,0.9238565784595663,0
1,0.6403339983511864,1.0165649567827657,1
1,0.6058228978510765,1.5321407088535963,1
2,0.9237633593214036,1.135708489664562,0
0,0.7720311236068189,0.9108076866547122,0
0,0.7440622216749923,1.6598863179770085,1
0,0.7802302634451113,1.3097660850934496,1
1,0.6039596310660444,0.7441452097596102,0
0,0.7943439052276974,0.7732380668648111,0
1,0.8114075935087404,0.29633931217051046,0
1,0.6558843594381777,1.4077977804398574,0
1,0.609631344529215,2.7400868837380288,1
2,0.7744173677198466,1.0172489020916629,0
2,0.5791219541502537,0.8307868195859329,1
2,0.9009152248288174,0.8181277099631636,1
0,0.4753035882838778,1.141916806329204,1
2,0.7494520741939154,1.239159199309773,1
2,0.5214331420648226,1.895913730893212,0
2,0.8076751659907293,1.7775507246230737,1
2,0.6845987836726843,0.7875840060453143,0
0,0.4996562140394469,1.4772786706362455,1
0,0.5565810037382757,1.138356802699785,1
1,0.7973820748352635,1.4759312436678216,0
1,0.25213762734201384,1.4201980461983146,1
2,0.8904032688180582,0.6888254278225376,1
2,0.615788119847603,1.0064989168758827,1
1,0.5607805180436594,2.425805183231738,0
0,0.7634898510011701,0.8031678373746174,1
2,0.4986179286844404,1.2243924057004305,1
1,0.826062571991323,1.0099235004320022,0
1,0.9707274592468578,1.534762110570806,0
1,0.6968802916783767,0.9454287891245036,0
1,0.586533103393644,1.3484758896939493,0
1,0.14319469514446806,0.7785258643982106,0
1,0.7135597078214857,1.6159647845326492,0
0,0.6936364210339648,0.4225680529975911,1
0,0.6665917041421062,0.9059400974443201,1
2,0.6798071990656838,0.6124856975287043,0
0,0.6296555479293607,0.8013126955567573,0
1,0.6653922531191963,0.5872670664769927,0
2,0.8228651828568105,1.2513817170301191,0
0,0.8031692723749054,1.1839512795122666,0
2,0.6230413697548057,1.4539418444962873,0
2,0.8705158483906938,0.6281250021662944,1
1,0.7996766550186072,0.7461993724456665,1
2,0.6279156684921372,1.435850378286486,1
2,0.9798166865769106,1.3152448791245088,0
0,0.5128507416774597,1.1116406888496408,1
0,0.9699052807524101,1.0434491611159058,1
2,0.7787947079965334,0.9562110071549269,0
1,0.9495178372764173,1.1761228029999327,1
0,0.8479910678257769,0.7317643247003103,0
0,0.778985524079484,0.9377322030795288,0
2,0.8024492377445508,0.9049195494043707,1
0,0.6965283117966109,0.6950551071647869,1
0,0.7470671219816085,0.4983354452157047,1
1,0.42909109629677306,0.9689296905950526,1
1,0.8347065003004756,1.34804028267837,1
2,0.7772213293046901,1.2693615287103428,0
1,0.9383035570716908,0.598891679956165,1
0,0.5544095857830924,0.5778153842923989,1
2,0.934373565416283,0.7687406629674924,1
2,0.7876910506923455,0.5437671556546347,0
2,0.8418629227319377,1.0772638138260806,1
2,0.9142021014086759,0.5990034870016604,1
2,0.8580734188750534,1.6141217337252245,1
1,0.7321268601715761,0.930058990188004,0
1,0.7526066932658976,1.258380830921623,0
1,0.7671177968169627,1.1205076375160916,0
0,0.9783096935092509,0.7587240101005511,1
2,0.7843790807953112,0.8892147898461719,1
2,0.4933990659313841,0.8348468403380412,0
0,0.4909443892391546,2.35827589499146,0
2,0.5399500982386332,2.109585794469161,1
1,0.5745075215460358,0.7477057168252581,1
0,0.9145473912786535,1.268518893086912,0
0,0.6499948603087542,1.2005632149024683,0
0,0.6700143537528839,1.3328216911834194,1
2,0.906327128468309,1.3134177612267075,0
1,0.8699132809069663,0.5467049035985313,1
0,0.7441198294989229,2.143536327838329,0
2,0.5521131319777993,1.0371329186518667,1
0,0.5116370571785521,0.6699522262562484,1
2,0.7107363169195346,0.6517300624079448,1
1,0.6366131712030294,0.5360066125647681,1
2,0.9227960798905519,0.7827151749490856,1
0,0.715792855238933,0.7437962715477312,1
1,0.34758577559037535,0.7078750878578809,0
2,0.827800632189651,0.7302112739772014,1
1,0.8661085372276637,0.5616469151803939,0
1,0.7824989023500888,0.4594470823766633,1
1,0.3164803197437278,0.566412547405826,1
2,0.730221839925894,0.794537246111763,1
2,0.7549703572456586,1.0836269059417087,1
1,0.7301114973795971,1.765908638940768,0
2,0.9105526452012148,0.678657961678662,1
1,0.4304957503604182,0.659006675771833,1
1,0.8647934669242896,0.7351635698137544,1
1,0.8563707448280115,0.9248885623144939,0
2,0.8131306055814351,0.6125258907101353,1
0,0.2945730978002277,1.272264117356948,1
1,0.7776868761045259,1.0426449928409738,1
0,0.2254776037511205,1.827825222417129,1
2,0.632067071821096,1.2275978191987325,0
0,0.8797605150795136,1.5774819281427435,1
1,0.6261388019167208,1.1743370639723065,1
2,0.3000982775484493,0.9315868241634341,0
0,0.5009958359983455,1.1527582302886652,1
0,0.6239224125010545,1.312538815874571,1
2,0.6866170271259187,1.5837562215004952,0
1,0.8467318751943008,0.8573114522656723,1
2,0.8259329045977731,0.9497036999962772,1
2,0.8418071121762651,1.4843179919879341,0
0,0.722595979866386,2.069457489729032,0
2,0.7631514733473705,0.6467002321584493,0
0,0.8329157887025934,1.09527341205281,0
2,0.6590171251253941,0.776535473985222,0
2,0.860901299679634,1.1397603627832866,1
1,0.5968826665947085,1.7103868055398863,0
2,0.7604656025256016,0.795452600829466,1
1,0.7643600999259269,0.9083047928794411,1
1,0.6680149677712546,1.6394129398846726,0
2,0.9278122290970061,1.0994913449741737,1
0,0.9595907638795295,1.1056094205003673,1
1,0.9210121194951719,0.7320732337304608,1
2,0.8462972848507292,0.989936875947582,0
1,0.5414847966537978,0.9935926801921026,1
2,0.7876418967129821,0.8124883774187042,1
0,0.6599250413526996,2.1858709031219647,1
0,0.6509705587927146,1.1453525527480506,1
1,0.5769311866896522,0.7124709377009009,0
0,0.517322616591221,2.616553050881657,0
1,0.762474302459674,0.6457478994539201,0
0,0.7010568368312112,0.8618414288798716,1
0,0.5713569583598834,0.2620556944224361,1
1,0.5257762535993292,1.6807327416218754,0
1,0.8044864286386635,1.141011865811257,0
1,0.5715463717218228,0.8104499293185649,0
0,0.8646611275807329,0.865304680901149,1
2,0.5798046900976771,1.340068059755184,0
1,0.6395468718104079,0.3672763475547792,1
1,0.8545404601464816,0.7291231645539772,1
2,0.7127106821584869,1.4025147272633645,0
1,0.9469130058993213,0.9775932315087345,1
1,0.47739168114724995,0.8683790965285285,1
2,0.8112993838533541,0.7333865719492206,0
0,0.45204188665960243,0.45321185776810635,0
1,0.7557627787754709,1.6102788138356798,1
2,0.8717091408536377,0.7760220940870123,1
2,0.7379055866084641,1.1584551664366887,1
1,0.34532217034362156,1.4162907439833765,1
2,0.79636602932787,0.5888608326013759,1
0,0.7412070157275854,0.9906378812393093,1
0,0.7288209649457972,0.8632500844191917,0
1,0.8552080006391252,0.5898115120551535,1
1,0.646472597854642,2.0257288724404527,0
2,0.7163696345901645,0.9204738467311407,0
0,0.877861633262472,0.7760058239840513,1
2,0.7167120277386829,1.4527262462712038,1
2,0.6294502905524905,1.1749921281841138,1
2,0.6733102014895805,1.5683318480804045,0
1,0.49762201234120934,0.41472858844059424,1
2,0.8476761477845935,0.8169491795674553,1
0,0.9221819659880865,2.457924543713372,1
1,0.7531294954951269,1.0039269822964296,0
0,0.6607316945850669,0.3217552853738143,1
2,0.7004619063905541,0.8156886077959121,0
1,0.8918907214129748,0.884412201516273,1
0,0.7131140099045217,1.1399425786489352,0
0,0.7750181825274921,1.6611665998342828,1
2,0.9230647131586205,0.6076785170874475,1
0,0.5199242773796897,0.7959392023321515,0
2,0.679261111249285,0.49740827633505963,0
2,0.7932676633368182,1.070743248406547,0
0,0.6614335198810711,0.5658719501272368,1
0,0.7917169393830532,0.7242322275074223,0
1,0.6304290694579853,0.8801657819023145,0
0,0.5897418145121079,0.47822155932608135,0
0,0.5083306791841213,2.018956865560374,1
0,0.7396930198257721,0.9986662049392908,0
0,0.7137603962372585,1.5595920671325088,0
1,0.6326903358580456,1.1474028719899265,0
1,0.5675803424014234,0.6007178891989978,1
1,0.9432910716659649,0.9369064870347378,1
0,0.8690118056399221,0.979549667318446,1
1,0.7850410246351415,0.8919334570898318,0
0,0.8127437155349186,0.6729905015783719,1
1,0.9082792694807784,1.3319061385756117,1
0,0.8205419734499338,1.249843989657376,0
0,0.7035224312614898,1.690545741089214,1
0,0.6176079929080731,1.1606781914498532,1
1,0.34763556584710864,0.5122430620960501,1
1,0.43103879356742614,1.3580890402202426,0
2,0.8169711966051851,0.949786951790879,1
0,0.8993368665692287,0.5852894612472587,1
0,0.931977199797267,0.44014377682944733,1
2,0.812740454930714,1.6085866016637695,0
0,0.5295275326377704,0.9145606809801626,1
0,0.6550649126444278,1.9974806342653484,0
1,0.8167838003418049,1.4378678440448787,0
2,0.3523983880184032,1.83080699393286,0
2,0.7736556412212963,0.9020056331704883,1
1,0.8276427310467087,1.3890537191675807,0
2,0.6369404084137689,0.9161166698351016,1
2,0.9322514299923186,0.5517191792853491,1
2,0.8591123122248014,0.6176073256901614,1
2,0.5919515260596581,1.6959561749119745,0
1,0.4898523918045805,0.753609180405181,1
0,0.9522777398694329,0.9318577408910532,0
2,0.6824244994927299,1.3623061541519974,0
0,0.8748133774206784,1.079046052553393,1
0,0.6532096619704669,0.4495404662787562,0
0,0.9738755495760519,1.3228902261249134,0
0,0.7389351957845541,1.5244781644216494,0
0,0.8052833995493973,1.045097038233958,0
0,0.44190351194724975,1.6435978606808965,0
2,0.7776987030253881,0.9823587965091499,1
0,0.7466130897255843,1.4134112551901223,1
0,0.6070582439688522,0.7271765319739699,0
1,0.5324813052584376,1.0019945390983223,0
2,0.6644806786838257,0.6658147343658921,1
1,0.8166215581583904,1.2365787264579295,0
2,0.5904110961663922,1.4212450020133993,0
2,0.7867358697747031,0.6997428740165108,0
2,0.5955871971388057,0.9176735929923955,0
1,0.8595011807489782,1.0177474276007334,1
0,0.6034159318767361,0.514862015324551,0
1,0.7331568128096015,0.4575124206506572,1
1,0.8277082536581437,0.9187932007252653,1
2,0.8595533127319945,1.5621371300688922,1
1,0.740295984331221,1.1137669395624328,1
1,0.7100023107431537,0.3194533241750692,1
0,0.6347748394827651,0.8456538278122357,0
1,0.6813882805202814,1.3113930316252946,0
0,0.5790082729116188,1.6650999053951403,1
1,0.6749999379857986,1.0878216050731657,0
1,0.6785978213187928,1.1143397187123438,0
2,0.6304268808893023,1.5687313122682691,0
1,0.957503890213281,0.9775145607463669,0
2,0.7979193295334484,1.1491372965008113,0
0,0.8289167959349222,1.2210928187463952,0
2,0.38902966310229475,1.0700515809248576,0
1,0.7344515386702564,0.6864111686615946,0
2,0.41954088543033036,1.2317685761784516,0
2,0.47899324712259195,1.9341540962762835,1
2,0.8426042633358065,2.0397877538317712,0
0,0.8702091865354415,1.019395423470411,1
0,0.7847773568894931,2.724939094277565,1
2,0.9557329175817136,0.3886765617496279,1
0,0.930667131596133,1.8799357471918776,0
0,0.5986290329419945,1.3246490123988486,0
1,0.8808070636011323,0.539368520701073,1
1,0.7029849444201861,0.7466995418971029,1
2,0.7795206069841885,1.2394200791656644,1
2,0.5188833127542108,0.9036261311975229,0
1,0.5684530296461598,1.0435192428155435,0
1,0.9285070768398115,0.45763754506539644,1
2,0.8951908716675046,1.1655034777384963,1
2,0.6709400836645912,0.9697968061087452,0
0,0.7156595649905394,0.7229070765604423,1
1,0.647135815874932,1.238593010001773,1
0,0.6261550116182891,0.8399617944203676,1
2,0.503893997916397,0.5515213708960144,1
0,0.6203588003234587,0.6014896767150891,0
1,0.8516475161136793,0.9387339139683805,1
1,0.47336586539841724,0.7571950404459828,0
2,0.4878117176174794,0.5650712823758344,0
0,0.49701287646550807,0.9368344336754653,1
0,0.9201853187297651,0.7953895790013509,1
2,0.5869166706525714,0.622566167279583,0
2,0.6767867090579092,1.0257526599046618,1
2,0.9521068934207909,1.3894899661607454,0
2,0.40222681684020817,0.7838232015724232,0
1,0.8945642487453935,1.7300239513280589,0
0,0.9102924469824719,1.323488032190786,0
2,0.3743249829019453,2.479034268551576,1
1,0.6452241938973151,0.9554688805118229,0
2,0.8988945572934011,0.5899736290510955,1
2,0.9368363344622341,0.7093635030715489,1
2,0.6823307141303254,1.5321913643833116,0
0,0.7794189024682198,0.995957866380417,1
0,0.8074724224210428,0.8104286145922905,1
0,0.7169184431670965,0.8367679506844261,1
0,0.8022490946734389,0.6097950211419529,1
1,0.89603095849607,1.0968591742910658,1
2,0.801321628171978,0.6564696230993009,0
1,0.9663146274612338,1.1295667298508725,1
1,0.9688017061969264,0.5430197556726097,1
0,0.9131946642873141,1.7485613097086334,0
1,0.39365573638553053,0.8013553912076062,0
2,0.5155017910102886,0.9024242062757426,1
0,0.6330570718225564,1.743014443953347,1
0,0.7991166709306865,1.2325702237095926,0
2,0.9860924645889643,1.7753249617458957,0
1,0.8670766353969412,1.0556187081299448,0
0,0.7009786787286006,1.0961310598510945,0
1,0.6290263351167856,1.3803295544130452,1
2,0.6306158645645398,1.6332592964951074,1
1,0.8895459754678257,0.8257580545213802,1
1,0.6203023471045099,1.0104382156059786,0
1,0.6077432236856953,1.1145888134841975,0
1,0.7368365136821254,1.0219486583837807,0
0,0.69537365443807,0.9896980730657495,0
1,0.7943182699395805,1.4005324681729208,0
1,0.8781209053479073,0.6089324754391465,1
0,0.9826176451671157,1.30352234098467,0
2,0.8330643371258953,1.2270629527035033,0
1,0.7157780119411759,1.0079167972223253,1
1,0.9531038121624305,0.9615310800142866,1
1,0.7518197743994168,1.437931897881539,0
0,0.8453222276694454,0.9608977270244535,1
1,0.6147880668513523,1.110150063941033,1
1,0.5311676734621759,0.9862342788538445,0
0,0.7232013586357143,1.7041308626723397,1
0,0.6402557397355,1.382832519754109,1
0,0.7155443866818559,1.1760836851267762,0
0,0.9643795227258103,0.732305509564879,1
0,0.8935515322189104,1.1904155122097568,0
0,0.9205403257182041,1.2041538721094038,0
2,0.7983864223466421,1.3119137721388199,0
1,0.8187910269435926,1.1446715037823165,0
1,0.6006132338285086,0.7379108985796302,0
0,0.9006382102015864,1.2706370923896013,0
0,0.6532359031655756,0.7804870069275448,0
1,0.9784634948030435,0.9305178346954514,0
2,0.767015474878102,0.6886033448950996,0
2,0.6757705001356527,0.7797675282600132,1
2,0.9349849908113488,0.5239705026311607,1
2,0.8893210872826919,0.4013722636455339,1
0,0.8442923317403033,0.7693310263895885,1
1,0.7983234539209871,2.2028794802079434,0
0,0.5269892154083357,1.1846981604973643,1
0,0.8781004210654217,1.194290365567242,1
0,0.3202322948348975,0.614738251009849,0
2,0.7895183139342029,1.048676070237919,0
1,0.7154786207495837,1.0197745501776563,1
2,0.8826760710648563,0.7791715751777137,1
2,0.4939677919716645,0.7678988611889667,0
1,0.8623673501885956,0.9658924175489401,1
1,0.8376099055426868,1.2428853354194458,0
2,0.35306750471860354,0.6344916216633405,1
2,0.6982132211627384,1.5091076932010972,0
2,0.5919422784321574,0.5136101138143654,1
0,0.8400724015640447,0.8897589578292618,1
2,0.8852896092268139,0.7286946217482313,1
0,0.8510020644978816,1.8099871505421308,1
0,0.6807917100588208,0.6311000071093557,1
2,0.349344892212122,1.3221580936942985,0
2,0.8989715459834657,1.5200086765885887,0
1,0.6931693690366828,1.796565888862449,1
1,0.9700764317127425,0.5423342742724065,1
0,0.7214537679038548,2.257516086300458,0
0,0.9350750520983757,1.1142203889064821,1
1,0.7655819800851076,0.46487993643531295,1
1,0.7326671084678036,0.7266967578760304,1
0,0.8407651297777922,0.8292101921010054,1
2,0.7531175769535996,1.174170208019994,0
1,0.9295550857525257,0.6670212917183561,1
2,0.8549248537482158,0.8434167282659748,0
1,0.7730299403938165,1.036269968359457,1
1,0.8552849668997888,0.8579928314968981,1
1,0.7104558826523457,0.8461577710415196,1
2,0.7592926618598101,1.6246993908179383,0
1,0.44608315591890024,1.565361824504006,0
1,0.9597380737666121,1.0627579952850759,1
0,0.792610399060186,1.2723708382858916,0
0,0.5238185285004243,0.8061894116281835,0
1,0.8995378714048042,1.019147817763817,1
0,0.7825680524696333,0.8735458792025302,0
0,0.7766121448885192,0.9722118090180099,1
0,0.8227925285874182,1.3930459967676239,1
0,0.6162048451100215,0.7527193660334233,0
0,0.5540647207975387,0.9892886764034312,1
0,0.6837584152012606,0.7939451986774971,1
1,0.6034594579280201,1.842087216803384,0
0,0.625129614391796,1.149234690401432,0
0,0.4363717493456006,0.5136621591827387,0
2,0.7659556113589453,1.0447516271884643,1
1,0.8293048745530461,1.224737388969591,0
2,0.6731651427065212,0.5155475923753694,1
1,0.677242682009918,0.927436119488939,1
0,0.5888956453798153,0.6481075396538141,0
0,0.6566450041025659,1.7263557416788595,0
0,0.5021834571366071,0.514495545522123,0
0,0.6650409290625274,0.6691054206077655,0
1,0.8445139482223974,1.1566555738648234,0
1,0.5642251484297626,2.1307976589401805,0
0,0.9714977367200226,1.9256655708312636,1
1,0.7255042267716384,0.8506092185482057,0
2,0.9630255386791682,1.5310695664657328,1
2,0.7268802459073589,0.6628004667081596,1
2,0.7409325691869012,1.0602796364048503,1
1,0.6778311857902228,0.6839608121979083,0
1,0.7500160582128683,1.4120827760575907,1
1,0.7642367375235047,2.0149674687976344,1
2,0.5382588049215098,0.9559726292099777,1
1,0.8096818801563486,1.0961718042403434,0
2,0.8351950191657538,0.6611767965580092,1
1,0.8592655795817561,0.7476275812349598,1
2,0.7797600065157129,0.806432880013054,0
2,0.8036911555047954,0.9942527977800527,1
2,0.49301376229540417,1.0682490865480103,0
1,0.6200116590326338,2.4982454178858116,0
1,0.8234179484912095,0.7833514896842204,0
2,0.6461279959977142,1.29855520724226,1
0,0.7347784198843195,1.029824563366887,0
2,0.19418413135080279,1.791825361912961,0
0,0.6518117462938193,1.6565957754395408,0
0,0.33649979421798665,1.2991697766005827,0
2,0.8067639357852822,1.3915863835994156,0
0,0.6864051708013155,0.796161052693061,1
1,0.652093928117125,1.5089466426367284,0
0,0.23792290522628226,0.6375228952007194,1
0,0.7487674627735501,0.8437908380570058,1
0,0.7949952440362619,0.7405863006124096,0
0,0.8575798985254045,0.6003248552747936,0
2,0.8525537729624679,0.5317018758140074,1
0,0.7882437299336892,0.9398410411875999,0
0,0.8431983754296929,0.9777736561597417,0
0,0.7848187251486722,0.8091915082483578,0
2,0.49558864498055444,0.47652797514811507,0
2,0.7857925708784712,1.257961513611549,1
2,0.7564280098698628,1.387127415411251,0
2,0.7978042609420497,1.1640250674649555,0
0,0.7661126617867533,0.4952126502448158,0
0,0.8866792913293832,0.9235537800232895,1
0,0.7752480966855458,1.0403959681314858,0
1,0.5162457381959978,1.0055377818011417,0
0,0.49744949068027583,1.0103345441578155,0
1,0.6059696379011783,1.1524890852148075,1
2,0.8413547866541922,1.6728180135455442,0
1,0.9153598031325555,1.0517974439801634,1
2,0.7584511665643704,1.394623520108805,0
2,0.8528373103373337,0.500356539541556,1
1,0.8356384020138828,0.6668625383321096,1
1,0.5674293517189507,0.9368360974503088,0
2,0.8996572884363059,1.490819886373569,0
0,0.743640458378937,1.6007493282948497,0
0,0.6213276506447952,2.4145626321702065,0
0,0.8437115293005821,1.2481389008102493,1
2,0.9378044709649406,1.405355631438727,1
2,0.9294255450584004,0.8136809168402536,1
2,0.7623162743054221,1.1121789251675203,0
2,0.9522941795313513,0.8998217904559673,0
1,0.7862905385726789,0.6228890061244415,0
2,0.9309552021301722,1.0672262458494142,0
1,0.9464828386184869,0.8364014419450093,1
2,0.8938730234784547,0.951617694496021,0
0,0.47028449734950556,0.8813265725221596,0
0,0.5246075322662608,0.4368692073382064,1
2,0.45910424557483503,0.7504573774370686,0
2,0.7799870250457474,1.8088813978341587,0
0,0.9533373348998879,1.929991081404294,0
0,0.6395078874307014,0.9897764720848592,1
0,0.4005450768646261,0.8522833989377435,1
2,0.831171784781326,0.9345089950437576,0
0,0.8324528966282625,1.2706962700618696,1
1,0.40587949595189515,2.0775673126351317,0
2,0.13919509610918196,0.6231392282641363,0
2,0.7267670364837138,0.4507515185326336,1
0,0.773100989175417,1.0807235626896028,0
0,0.6237479472492754,1.786177344487061,0
0,0.4871520718430196,0.5807698376152127,1
2,0.5940523465246158,0.5485032114004534,0
0,0.5635942270694085,0.5515791405164125,0
2,0.9211590305197955,0.6265264471984641,1
1,0.6489428178115296,1.9457714382125753,0
0,0.7195746988640401,0.8763814509679305,0
0,0.40094837429264596,0.9828436221680265,0
1,0.7321594291311097,1.4570430544866273,0
1,0.5441452335807119,0.7351381032628315,0
0,0.8041084748007267,0.5086317452284875,1
2,0.7714274375067993,1.3237518029399917,0
2,0.7778749046568962,0.7831038748737711,0
2,0.39042996869211577,0.53705868353907,0
2,0.6169609865845085,1.010439704531944,0
1,0.7041928892362331,0.856008344040768,0
2,0.8801258014138879,0.8942640742120038,1
0,0.6293063499880381,1.3629916563651754,1
2,0.43552366453227015,1.30391941211394,0
0,0.7008561273449319,1.2762422070985553,0
1,0.8620679516103253,0.4399190189803491,0
0,0.7674567171945409,1.2919823267813313,0
2,0.9225970764001286,1.2778468392453979,0
2,0.898609911279766,0.8745318167529423,1
0,0.4817406258598073,1.1703546017479574,1
2,0.6225342187715176,0.9228415284582512,1
1,0.7656182171598611,0.7138701330909569,1
0,0.7973061474421381,0.9223759530842802,1
2,0.850913374879947,1.587251719056195,0
2,0.7252166198853617,1.0237259555779425,0
1,0.5417136920972331,1.0682433262414324,0
0,0.8228073392274741,1.1165829125264122,1
1,0.782718303606631,0.88621288780341,1
0,0.8287800537130945,1.6952202337202555,1
1,0.8579984054697521,1.0087616679424096,0
1,0.577738485493827,0.5826660535276167,0
1,0.709285881211273,1.304021444451156,0
2,0.8952340923819817,0.9859335060277294,0
2,0.6939469535353631,1.9049400210010916,0
2,0.8816231669870261,0.8524472400675968,1
2,0.792580929379189,1.3812874187326138,0
0,0.8069595635403648,1.2453550540514715,0
1,0.8381116222811056,1.4286223637044895,1
1,0.45537704744150725,0.8584761670186059,0
2,0.9371523601687055,1.0408315176770078,0
0,0.8454829915782751,1.0840083204762445,0
2,0.696497979116373,0.6231655878305705,1
2,0.8010968281524126,0.8071555207497371,1
2,0.6900208644271709,0.7646947150720804,1
1,0.9619971846090415,0.8650406603080593,1
1,0.5906802238906044,0.9290700933762307,1
1,0.8851215779124372,0.9106271761604741,0
1,0.7973685924877282,1.197209201573708,1
1,0.7771896994345158,0.7708626167787639,1
0,0.4463108441407952,1.446755313882112,1
2,0.7455889505531331,1.0099324614816594,0
1,0.763725794690058,0.9594234506273104,1
0,0.6273154288286774,1.1629172716679284,0
0,0.4796781200113719,0.7021499558667198,1
0,0.8432777106983739,1.4317814507868007,1
1,0.8808002807737679,1.9290188832233721,1
1,0.48915186143163186,0.5934126470976981,1
1,0.8178264266132046,0.9704418212501865,0
2,0.8753771389003994,0.6408218010640702,1
0,0.5833162324653148,0.9377346292906292,1
2,0.7405623705406528,0.5070403848774885,1
1,0.9335606431940427,0.9348897398542678,1
0,0.8032496703431254,0.6595643690998824,1
0,0.9205250111081668,2.5044654555271992,0
1,0.46022223415867575,0.9127696802832577,0
2,0.8829480721708324,0.8164776598287623,1
2,0.7132418513983378,0.8207476492756638,1
0,0.8367001892638236,1.4031602037638204,1
0,0.8433575920337213,1.8179488718931096,0
1,0.7562024163565627,0.9656616161579912,1
2,0.8505271665441599,0.42993590370197005,1
0,0.7357262785072582,0.5896032012268879,0
1,0.9459264732320315,1.1709883191062218,1
0,0.7672203624355702,0.9565499710696684,0
0,0.4830785235373876,0.790682652017236,0
1,0.5409238153153035,0.79179766931296,0
1,0.7968041702854954,1.0051624800944874,0
0,0.8556242476953763,1.8452133952503782,1
2,0.7155310276435203,1.5053474864442067,0
0,0.6379001734467769,0.9162358866803554,1
2,0.8379326489170044,1.0834997342177568,1
1,0.8338565174776615,0.8280947921902272,1
1,0.7022098340660295,1.4365791668525754,1
1,0.6604567087692812,1.5459147826512007,0
0,0.9311215562019935,1.2523003213145627,0
0,0.5378760241045509,1.2938737397685818,1
0,0.9848138151245824,1.0685095713885528,1
0,0.6525664560160359,1.25682196482683,0
0,0.918650079703767,0.635569935285847,1
0,0.45151593035327925,1.573415961137884,1
0,0.7561068977078161,2.21393998757311,1
0,0.8259712280499016,2.000228562738281,0
0,0.720864479761839,0.7795923580340651,1
1,0.7049135939816608,1.6822910366262196,0
1,0.682263160291979,0.9739109560365583,0
0,0.6530910810641531,0.44295902946478927,1
0,0.9558459489470236,0.8315265009826279,1
0,0.9746359149060264,1.376422111672628,1
1,0.8451317664440716,1.326261001546101,0
1,0.7660574006136481,1.1515637259181397,1
2,0.5380388683280926,0.7769377382322833,0
2,0.8222381002367444,1.5182315365578805,1
1,0.7021536199810956,1.0219515520578701,0
1,0.5530434949844022,1.3210237913571843,1
2,0.47890137217940937,1.76454281260893,0
1,0.5570682753994407,1.237040288158742,0
2,0.9551129237452185,1.1930074651690208,0
1,0.6998790246937427,1.4354452075397597,0
2,0.6977967343294921,1.3480644152934276,1
2,0.5067592314307552,1.4203528789930004,0
2,0.5270341940037684,0.7054430829833838,0
2,0.3465124900199961,1.448235840098842,0
0,0.7656723497575866,1.6576034256689296,0
0,0.7135601425305833,1.3517779631530964,1
2,0.6725712891235114,2.1519445249486875,1
1,0.7778960372697177,1.0599090477063158,0
0,0.6168870277500607,0.7571249680719838,0
1,0.7060301410261954,1.4100819035524412,0
1,0.5945839729414153,1.6702046701237825,0
1,0.5546004307148222,1.419760084023975,0
0,0.8297876230439558,0.7016317907022824,1
1,0.8953999352928992,0.9234216370265109,0
1,0.9249102293267342,0.5336141859079115,1
1,0.8819317392830567,0.9842525272401518,1
2,0.7554846959575809,0.6848386174330167,1
2,0.8059992222630531,1.142227458228121,0
0,0.6381688551029333,1.054308754758489,0
1,0.4612795878297843,0.8997839684126003,1
0,0.7979854453071106,0.7486519377282719,1
2,0.9237534261363965,1.3224400861514254,0
1,0.8919616087980452,0.8166709876743581,1
0,0.7072988966265183,0.8114072058905341,1
2,0.49943453335390986,0.9805165853611278,1
1,0.6956674025003302,0.7815925963598364,0
1,0.9337109049220409,1.125713991546472,1
0,0.6113445429437508,0.6736737336034693,0
2,0.1098165439381711,1.3990905935334597,0
2,0.5478420835969686,1.3870389661887335,1
2,0.5262018114103238,1.2054050447538032,1
1,0.7016210051767446,1.0184190288154902,0
0,0.289211687634271,2.7948746973125713,0
2,0.5076626949600478,1.4759893225202145,1
1,0.6597529244995464,0.6208098010259954,1
2,0.4963002015114755,0.8761284048340683,0
2,0.9208080509163724,0.5112510200996377,1
2,0.16066864908907388,1.7081690394800875,0
2,0.48793098347451425,0.7385848701113641,0
0,0.6415810725306982,0.5085651431422802,0
1,0.7607070320238063,1.106591027911521,1
2,0.7335703782774735,0.3747131438850985,1
2,0.794615468706513,0.44290260376824037,0
2,0.4318049085350603,0.36348473917610485,1
2,0.5253674393261979,1.1098991028413157,1
1,0.799322617552993,0.38693109672649184,1
2,0.964353510751772,0.37204758084666767,1
0,0.7002942237383454,1.445798212858915,0
0,0.6859859820419067,1.0175608637978253,0
0,0.547776310804958,1.4428679175844494,1
0,0.9768197296132521,0.6277200292333144,1
2,0.5562180070302243,1.3940506232543208,1
0,0.7594202656462306,0.8584697869970886,1
1,0.49799073767530133,0.6557359835653681,0
2,0.7533022170883584,0.7729727956112725,0
2,0.2602760935502634,1.3913572706083714,0
1,0.8924255645751077,1.1654554516849696,0
1,0.6733495751138215,0.8342033954743693,1
1,0.7014764663118721,1.7361695145355065,0
2,0.7516447125010186,1.047860164634087,1
2,0.4837882180752328,1.0681646432737204,0
1,0.6457658054762512,1.7928981762292324,1
2,0.9145419789920657,1.1743773657939955,1
2,0.7561817182275624,0.7764990969755751,1
1,0.7539854934949966,0.9979941605277952,0
1,0.8090403854246524,0.9020833002248853,1
0,0.923193808132795,1.7766865628526154,0
2,0.8722360259826694,1.2456175481561722,1
1,0.5608243805516111,0.9585113577469181,0
1,0.34922690721521815,1.0037892431243787,0
1,0.7618018784121868,1.0236501703475578,1
0,0.8727127683965691,0.5505346132959889,1
0,0.3915622837157107,0.6335924446417561,0
0,0.5415663745253938,0.7423117894580811,1
1,0.5453432772030538,1.031195456049329,1
2,0.4652654518327785,0.6843871541462094,0
0,0.6062961431767481,1.3754791927732508,0
2,0.4133126381987403,0.9412493788146049,0
0,0.9367213673921572,0.35834425380841495,1
2,0.8648041787152633,1.2005923414483004,0
1,0.6891893374327116,0.408765761113874,0
2,0.8232466807240738,1.1491185692793002,1
2,0.7032682516126432,0.5316195634995475,1
2,0.6375876391735753,0.6847994491213072,1
1,0.5948177626795486,0.9685086811905126,1
2,0.588037091193718,1.4500901942874274,1
2,0.8566456644630706,1.0419330245191163,0
0,0.5987876705937619,0.6521151567428966,0
2,0.8464577579652948,1.2490761387157787,1
1,0.7178206558388873,0.6537044755713634,0
0,0.6674916625364082,0.6135935808338089,1
0,0.5988328617785412,1.3951508203978977,1
0,0.7986706598567596,1.2443098977636782,1
1,0.44365556672991424,2.295672797312541,0
0,0.8181977971791224,1.7758817664041837,0
2,0.6999091932879333,1.4503136616291927,0
1,0.6870029272899983,1.4752217195602917,0
2,0.8108813451202332,0.4937959482876917,1
2,0.6968394282220733,1.0577437426448228,0
1,0.7450792431272446,1.7229182944287418,1
1,0.8828816184130889,1.0243546594447777,0
1,0.8552157604391902,0.6125994093605553,1
0,0.6679375677776105,0.9838879933120899,0
1,0.7074819622565501,0.45044754604234877,1
0,0.8586777371320603,1.3692273380414959,0
2,0.9297454981397255,1.1732935723193565,1
2,0.6600946352623482,1.8994172981152024,1
2,0.750687894465315,0.7281318213278256,0
0,0.589983187643587,1.2370071098464908,0
2,0.9654298366279883,1.644356171662891,1
2,0.7100716186646145,0.8664189984809971,1
1,0.8400802815669393,0.8248433687309157,1
0,0.761783911961919,1.2210544360345972,1
0,0.9457016094602824,0.8685352075231904,0
2,0.7249859084596535,0.8435088893639908,0
1,0.6794774314667402,0.5332962404732288,0
0,0.8413642343685509,0.9671789683642534,0
1,0.5913409055163376,0.6649899603949357,1
0,0.8667466164993558,0.8047312025239456,1
1,0.8969580037037737,1.3585897064084715,1
0,0.3661767334121533,1.4454328963130303,1
1,0.822472948952721,1.487131435646464,0
2,0.8308872592416533,1.2248078255585526,0
2,0.41432320224208663,0.8762755911410092,1
1,0.7619490368752848,0.8637414516837885,0
2,0.8592641018789932,2.5027643177915766,0
1,0.6242933607850146,1.0330665381489401,1
2,0.8821453197767638,0.7376132788137811,1
0,0.5580942149457714,1.1950760496976887,0
2,0.8708328034660798,1.3649269819575731,1
2,0.6798187572190241,1.0421258331681242,0
1,0.6997222427784184,0.9656490355633772,1
2,0.4519620888359647,0.5897710302637075,0
0,0.8354615206458723,1.0334770425588173,1
2,0.5129756111271486,0.8835619997658009,0
1,0.6954184663391013,0.8305831993689424,1
0,0.9111683920479445,0.7821080778330557,1
2,0.9471084386452379,1.2082227417497786,0
0,0.7502750722720836,0.7958783468520132,1
2,0.6421528186711314,1.5021940395296474,1
2,0.8660537762992974,0.3831475247254817,1
2,0.8962536507046365,2.3475495382703153,0
0,0.8255105712744889,0.9598398938242179,1
0,0.7663245706869558,1.2295860268641952,0
0,0.7338674437561293,0.8106946813150179,0
1,0.5788407808240967,0.6228891759901692,1
0,0.8226438612701878,0.8413131050984896,1
0,0.5042179160035127,0.6169192831634538,1
1,0.8707075512858163,0.9974711443195202,0
2,0.8133214439903891,0.6663252975285013,1
0,0.7835974226884833,0.4487879525537044,1
1,0.8351144893039669,0.673336104897188,1
1,0.8918588797392002,1.519133397390104,1
1,0.8162777683781952,1.2259659008303598,0
0,0.45596853669012644,1.5308941964364626,1
1,0.6852411913055956,0.8513788146983576,1
1,0.8605606482628065,0.7165328900660357,1
1,0.5556988261692998,3.5199480781138814,0
1,0.4623698241807388,0.8551622302859909,1
2,0.48267429755650165,2.490149518301626,0
2,0.5003164960949892,1.03660460616331,1
2,0.7894285835826261,1.4772456200949446,1
2,0.8110065301793514,1.0515074813619751,1
1,0.6486483405404733,0.7913007861092909,1
0,0.9188878441826086,0.6223749320335366,1
2,0.7812935941171016,0.4358801670266006,0
0,0.39018005753116325,0.4374067785739267,0
0,0.6929338541344873,1.9162731155640294,1
0,0.546623625515942,1.5656813314985465,1
2,0.5419245889435579,0.9413001890778422,0
0,0.8493858364655383,1.4166135384869163,0
0,0.7853983041116936,0.5656207133300006,0
2,0.8807494334266561,1.108227834864058,1
1,0.7793072368489231,0.8049754219311877,1
2,0.8699572622820273,1.0448593356207176,1
2,0.6479149612115419,0.5466004398895415,0
2,0.6924216963657185,0.8740507680822704,0
2,0.5150869219229491,1.0351597240967745,0
2,0.7525629611355804,1.203268846916387,0
1,0.7281443539407609,1.0805963988775809,1
1,0.7724045304882126,0.9865464652288667,1
0,0.7699483243245585,0.7712751923404049,0
2,0.6899561215257064,1.1718695134281778,1
1,0.4892513445989146,1.0180621063186224,1
2,0.8377988538725587,0.8130234516642884,1
1,0.7008448192337253,1.0834193035534199,1
0,0.6307881653089322,0.6577755374885086,0
0,0.6059140174962209,1.8935289219900446,1
2,0.7058594269593209,0.7674078950561543,1
2,0.7318406474955755,1.1651808511023138,0
2,0.5329249790153332,0.798215429511751,1
2,0.8838192716301982,1.1751872863214967,0
2,0.4347831346649125,1.0548110279755873,0
1,0.6020885472676667,0.8697584858379176,0
0,0.8111131469212822,1.5462668880505306,1
2,0.9690898351460642,1.081475599149029,1
1,0.5823461038423573,0.505886148035993,1
2,0.7148114870889088,0.8889130028448735,1
2,0.5579247619141233,1.076343976028849,0
0,0.8437675592429783,2.148325370551856,1
1,0.8421845055911015,1.0715195502755017,1
0,0.8186214648752236,1.1821991240633296,0
1,0.2635537096410196,1.0593907664996678,0
2,0.8148727189261654,1.6939094325150423,0
1,0.7197881694096471,1.0030783995049657,0
2,0.8309073894515507,1.200647721944592,0
2,0.9364808418686037,2.3010066957011217,0
2,0.5272033591299317,0.5541239574816181,0
2,0.5172099338629222,0.5108575919615224,1
1,0.6364793586688399,1.0570798409940378,1
2,0.9851480936864836,1.260586012749863,0
1,0.8116505836400233,1.8763174860465057,0
2,0.6898301345337878,1.4816852044494941,0
2,0.5510705720454072,1.050096103268119,0
0,0.5733192371296565,0.9876589712488326,1
0,0.6622747873321384,1.3594287809679286,1
1,0.6976822559122245,1.6575012825206794,0
1,0.6873510477188477,0.5748564686280938,0
1,0.7967736874810597,0.5073735856028445,0
2,0.7207871843020621,1.2808956983755773,0
2,0.7428068668581765,0.8708467224358551,0
1,0.6140001906777195,1.1470901581715527,1
2,0.7991103308425598,1.1552029777603368,0
2,0.719473868203081,0.5660343995556074,1
1,0.5084605532637805,1.100389700130639,0
0,0.8238942090778553,1.9427261424331306,1
0,0.33327824238282167,1.0085460253619287,1
2,0.8870424065240112,1.061972301620474,0
2,0.7037992871243277,1.098034202975871,0
0,0.45327321227133516,1.569895413642985,0
1,0.5338955249952404,1.1296453982092554,0
0,0.8114070719181822,1.1030855083951412,1
1,0.6666299990687264,0.9547955695133192,0
2,0.5881089809640199,0.9996224953117762,1
1,0.6167458579956985,0.693500012130638,0
2,0.6479993731216859,1.626405147965175,0
0,0.954724663184636,1.99468317832435,1
1,0.6514542773606221,0.5760495123110055,0
1,0.8682658259423149,1.0094714430946505,1
0,0.5926198167158842,1.6550952626257136,1
1,0.5295346719761472,1.3223393913038488,0
2,0.7714003814831305,1.0642979759578806,1
1,0.8478070829941268,0.7568938146028639,0
0,0.7801509083194035,1.3790460475757473,1
1,0.5800835895925432,1.2286787417394207,0
2,0.615931471257464,1.5220569988840211,0
1,0.8654555379338373,0.9979717890836571,0
0,0.8407168214645173,0.9509712941540506,0
2,0.6864965588827089,0.5956360984030907,1
1,0.8732188391946447,0.9177969925648602,1
0,0.774682555914909,0.8044322384714849,0
0,0.5376790466281003,1.1978620162806497,0
1,0.752523192191024,1.525349831811871,0
0,0.368022800456094,0.7044395009619465,0
1,0.921774992719921,1.8389218117439352,1
0,0.8532785883407769,1.4358633681039128,0
1,0.6422670105994345,0.793397407962791,1
1,0.8765327124602383,0.901970546658816,1
1,0.8614802932460681,0.8883197173658575,1
0,0.6716592929808256,1.1235420180942473,1
0,0.7906157740585938,1.8538091418190534,1
1,0.6835116407659584,2.757377175728136,1
2,0.866391725552901,0.5518566481641695,1
0,0.9458105607149537,1.6013248261979676,0
1,0.672406860384981,0.7360366812479275,1
0,0.6444300934861079,1.1093535420519254,0
2,0.6357363964622922,0.8416297868928345,1
1,0.7945605785216452,1.102007007658704,1
1,0.7939007743161482,0.566209011397072,1
1,0.9636459893913103,0.9621251233679324,0
1,0.9183562504060353,0.539351574130642,1
0,0.8466035547164075,1.0919628673457358,0
0,0.8762038315493289,2.599883544512271,1
0,0.5061157257618031,1.0495252192979323,1
2,0.7048064631065211,0.6051844659315334,1
0,0.5829149078902821,0.7156416185301075,0
0,0.7858110177280477,1.138255088671492,1
1,0.35358272713093486,0.7216889421599306,0
0,0.7719043781247842,1.2704840615301451,1
0,0.9289213915376404,0.8495303290288272,1
1,0.926071751101934,0.44160112823707653,1
1,0.7348001270228253,3.0518943054118077,1
2,0.7780895919269156,1.3239627488070873,0
2,0.6386515086468224,1.0421386702737978,1
2,0.33389013989055644,0.6096358620374133,0
1,0.7575168551275968,1.8270238878146492,0
1,0.5893637609288999,1.141141011009967,1
0,0.9159497058916559,1.2726469544665793,0
1,0.69011532456302,0.7779502334504809,0
2,0.49516555921968,0.970879735015988,1
2,0.5433220184150448,0.964135160882537,0
1,0.7984887551227934,0.441723500666388,1
0,0.8170618286699274,1.097231072904057,1
2,0.7007726446964413,1.4326933920100189,1
2,0.8287578924623908,0.7896672684117686,1
0,0.4673666232370219,0.6948308880591947,0
2,0.9556677460931031,0.6456710466079729,1
1,0.8871346795992782,1.3201474011063357,0
1,0.9040548423101311,0.5626510264573215,1
0,0.4906521153563801,0.7233147487442217,0
2,0.9419375720508462,1.8617947876034875,0
0,0.8224635683064709,0.8623456823712065,1
2,0.8949344153649886,0.8919788597496185,1
1,0.7795892249356049,1.1329943229689858,1
2,0.5313431660058435,0.7093588058880681,1
0,0.7565252503150248,1.6428575132211858,0
1,0.7997268989244593,0.6757974567299282,1
1,0.9686851834278258,1.1932904098933064,1
0,0.28958009775365645,1.3774448854341028,0
1,0.8063404612816736,1.5412970588588686,1
2,0.680403160767722,1.0995278019786237,1
1,0.40006842140442866,1.7084762606624526,1
1,0.6894657495073825,0.653799947428618,1
0,0.9300095026264901,0.5656260964030886,1
0,0.5436471402687644,0.5587550908951447,0
2,0.7641005035631971,1.0109698653177388,1
2,0.7432564850339582,0.8686511040868726,0
2,0.5844709512908761,0.728683692981054,0
2,0.9243779743007128,0.5152922515364132,1
2,0.6703572696097397,0.5173255834351524,1
0,0.6530708238089681,0.9380587435244587,0
2,0.6269209514829115,0.8412547188940233,1
2,0.5254482440559514,0.6417042380709251,0
1,0.6759063596663024,0.6308077527331367,1
2,0.8172824047946126,1.2372527365599935,0
0,0.5687762286442049,1.2912390964094442,0
0,0.586064170296425,1.2382515376432794,0
2,0.7501652459324029,0.9973411613577201,0
2,0.845270487036202,1.7731661039163877,0
2,0.6727665261127164,1.4770432799188398,1
1,0.7064148808441821,0.9757173669417277,0
1,0.7304088736451854,1.3206049207936699,1
1,0.5500833170379508,2.1822921511086326,0
0,0.5669442400429857,0.7730644377954083,0
0,0.808511341760059,1.26541146250326,1
1,0.4328894165167822,0.5365869526247078,0
0,0.7115572766313182,0.8236060344092978,1
2,0.7774146415750043,0.8367015007326097,1
1,0.4482949736799968,1.0303281469342496,1
2,0.6394369211834116,0.6500621055441606,0
1,0.6401454231263236,0.7170932854569716,0
1,0.9464534949920193,0.7215773586676733,1
1,0.5115837600241788,1.046378843367198,0
2,0.6483216732884285,1.3121044712364267,1
0,0.7501306672667052,0.7475729810723151,1
1,0.5713613128445397,1.3456442093556074,1
1,0.7091018474288961,0.9379123649798831,0
0,0.8336163954761836,0.8140987888818764,1
2,0.8101196287036719,3.3256391330186745,0
2,0.8308314243926057,1.5691825077776693,0
0,0.7993266403693642,0.8600124234610931,0
2,0.7575332315325467,0.6633255363186713,1
2,0.7531411334106374,1.6469419638920675,0
1,0.5159334316979749,1.3759105528718842,1
1,0.4679283978890626,1.510745837970716,0
0,0.7687040336564503,1.6598644885160503,0
2,0.8251823227715085,0.9253477662539297,0
0,0.6033732394977049,0.7485212878705327,1
2,0.8286922499670935,1.247588585813999,0
1,0.5662570381864919,0.9347021741772638,0
2,0.4126807814557238,1.0558292515495578,1
0,0.6893599154481697,0.7420089013830469,0
2,0.6454806128392035,0.7606496422100552,0
2,0.7284250607812873,1.9577841028044312,0
2,0.7708593755298865,1.2469282844716014,0
2,0.7380806980943079,0.9487566844348752,0
1,0.3291182261794999,1.308225094739487,0
2,0.8812545494693421,1.0621611523890018,0
0,0.6050339778025483,0.9533382264309617,0
2,0.9709063547426567,0.77777097403685,1
0,0.715292476330749,1.203895455227949,0
2,0.8417175845084988,0.8044601944676955,1
2,0.6969013000012679,0.6249666117193684,1
2,0.5471092926077561,0.5615304564555167,1
1,0.6736568586506135,0.6133363903730531,0
2,0.6707117960354485,0.6383598122569932,1
0,0.7998218257299787,0.8951844945861931,1
1,0.6091127687977115,1.3988625296132278,1
1,0.6123237759794243,1.8598971270884466,0
0,0.7836591406726595,0.8161290417579197,1
1,0.6647588261234901,1.1433888332627193,0
2,0.6559901484014242,0.839452835633543,0
2,0.7590924803179316,0.8469767646036376,1
1,0.6382057946271594,1.3388252938136442,1
1,0.932073172643675,1.4616500985035714,1
2,0.5460907698743593,0.8746348341214605,0
2,0.45438534323614993,0.8672177995917811,1
2,0.7005391381133546,1.6981692870558636,0
1,0.8666858961381353,0.7507198664083746,1
1,0.5718249412420882,0.9675232337432352,1
1,0.586271715952001,1.1257555315633778,0
2,0.5504848825557305,0.7639963572033298,0
1,0.6544640047629044,0.7941976193792202,0
2,0.6882533151984903,0.9564469087931287,1
1,0.305542176162126,0.564082608534768,0
0,0.49913497593377953,1.2200752999672415,0
1,0.6240868817276185,0.7956997942254859,1
2,0.5208036055322259,0.9995349954107342,1
2,0.6575048472349581,1.0045885847287725,1
1,0.8482208707048523,2.352251937549796,0
2,0.5611139374364392,1.1905521538430888,0
0,0.7824172165726287,1.0002537251455894,1
1,0.7491513978796986,1.1092255116760663,0
1,0.8202206121200738,0.8997549964922451,1
0,0.8191320181638071,1.3213491182527224,1
2,0.9151477144380005,1.4835914530235574,1
0,0.541283603773349,1.4872894827835281,0
2,0.602613246163984,1.3605382088564135,1
2,0.7480104978430206,0.7875867035881544,0
0,0.9671322138029852,1.1233318348755066,1
2,0.5468080435716792,1.0738710777463574,0
2,0.6902997025759275,1.2186748232596367,0
0,0.8462787154105058,1.3927035416073916,0
1,0.7349380234696594,1.0519865062343017,0
0,0.9049815829254959,1.1522391020722227,1
1,0.7791386114814227,0.8394269253334826,1
2,0.7499316465441659,1.6419193608385476,1
0,0.7373618414589184,1.436268812075474,1
1,0.8318091943722731,1.3892408880438336,0
2,0.8296303920702186,1.4084210762866456,0
0,0.861550575396919,1.363273442271789,0
1,0.6984345397036174,1.2769928775397261,0
0,0.5409552724131661,0.8891178440284688,1
0,0.4666021489598899,0.7072329436064734,1
0,0.40628181572920197,0.5353317497269156,0
1,0.39643080101707445,0.849826483643727,0
0,0.8085354742024318,1.4217598282296091,1
0,0.8682906648081772,2.3259754093377736,0
2,0.7467041775641493,0.8464951261078612,0
0,0.6681117359893854,0.94955806891718,1
0,0.5894730086770441,0.8443485113317076,1
1,0.505132460981563,4.015825758997182,1
1,0.1985410959153061,0.9156869948334877,1
2,0.5962559967987325,1.885715234960712,0
0,0.7918705698319323,0.9301476143286908,0
0,0.939369257439746,0.969254776553444,1
2,0.5496694364666695,1.2896786081293032,0
0,0.4724911790550731,1.2639124749857202,0
2,0.4236596772224241,0.7349377594399525,0
0,0.7660477813434796,0.7708872281399045,1
2,0.7697357355160482,0.7194818893141393,0
2,0.6265258636240327,2.3282156727129757,1
1,0.6872366761569164,0.7709987318610249,1
2,0.7761705593634081,1.8843270580004992,0
1,0.3317302186432777,0.8833908540336278,0
1,0.4620887898305779,1.0970282681718204,0
0,0.9076257830597,1.3007160603275734,0
0,0.9580247841758587,0.6442494393906592,1
0,0.6911946022854539,1.7124805660933287,1
1,0.9293312325435232,0.8496452293046278,1
0,0.8990367242186738,1.414516231814025,1
1,0.3187543505730162,0.45365445432783597,0
2,0.8015685371462472,0.725234946164029,1
0,0.6727408069291809,0.9631923176772527,0
1,0.4015350108400272,1.4203713632311963,1
0,0.646058013004596,1.2111562489854293,1
2,0.730292185010782,1.367077393993223,1
2,0.8459492088583908,1.5083661870744445,0
0,0.5889375296435373,1.1732651415369835,1
0,0.7606250025409342,0.6853696842419278,0
2,0.7416251622940071,1.3935144618082014,0
1,0.8001238611453766,0.48006823450763714,1
2,0.7981830327817748,1.132947177853139,1
0,0.6870910506246415,1.4135863092505616,0
1,0.7142166569156203,1.1950168106367076,0
2,0.542350644353377,2.2409040447975124,0
2,0.7967464146337211,0.5095502067513736,0
2,0.7736834485480262,0.731861731197554,0
1,0.6122950266042134,0.9690447871829668,1
2,0.4209510385136669,0.9808848351379119,1
2,0.6155245690544338,1.5800522715730108,0
2,0.8368690091684147,1.924666687527801,0
2,0.9739372313143799,0.9053591747107447,1
1,0.5451880431066911,1.0589369703996574,1
1,0.6613320735290175,1.3845063789975924,0
2,0.5321250782266723,0.561200412514561,1
2,0.7247350439423723,0.6362880177038132,1
1,0.9252426671846863,0.9515574564566016,1
1,0.8847028968683138,0.47576822449614553,1
0,0.8849900334248905,0.9808160740634557,1
2,0.6998863250308592,2.4722868792356336,1
0,0.7584306805858338,2.277802077853906,0
2,0.7058553106177082,0.36577881677694024,0
0,0.29396017481789066,1.4773661822292279,0
2,0.7478344792959031,0.940413013211028,1
0,0.4376728066125983,2.2379930947404834,1
0,0.6894696230387048,0.6625819551333647,1
0,0.906520175814335,1.5334734005197241,0
1,0.8632435133666095,0.5391498405151485,1
1,0.8924501964520057,1.2238216773003103,0
2,0.7618945711365701,1.0978520752320966,0
2,0.7610012661881742,0.4619649209044278,0
1,0.7865326508502016,1.1140940832020196,1
0,0.6774356627894466,0.8977810166538526,1
1,0.48751300290269356,0.9217941393919178,1
0,0.6721664305697399,0.7809618360711765,0
1,0.6357369637208072,1.6430162529347299,1
2,0.5807354836633671,0.8746373229429528,0
0,0.8491229271554465,0.7488971361676223,1
1,0.9171754896047684,0.855791461806961,1
0,0.6438080369437462,1.1843259183619967,1
1,0.7997138837702112,0.7871424610392558,0
2,0.7555810463394573,0.9909967161691007,1
2,0.9560913626195252,1.1744628645552422,0
0,0.7737194407139514,0.5739837299064079,0
2,0.6435727772364118,0.6597166938638503,0
1,0.7925101665721772,0.9943658154503601,1
2,0.8220478593910356,1.9977892078761312,0
2,0.9251666873939315,0.8708183284475732,1
0,0.7105224154046362,0.8476295560459406,0
1,0.8381165410367688,1.0673235370258662,0
0,0.6906432344850694,1.1351802193794016,0
2,0.9442039085197119,1.629876195828142,0
0,0.7160186685296765,1.415967848807273,0
1,0.7253480383678254,0.9635283413523679,1
2,0.602981194209535,0.6226860391829441,0
2,0.80786493422906,1.4120823146871608,0
0,0.8066106762166952,0.5340842383035257,1
0,0.8724418036817477,0.6639788841080875,1
1,0.6589751363426753,1.0373981631330036,1
1,0.9030058748967628,1.577440357638984,0
1,0.8835667794974349,0.8779099155277585,1
1,0.37457555323937647,0.7843938414129734,0
1,0.546683630421641,2.201678216553385,1
0,0.8582423072453582,1.7903877318025878,0
0,0.6111538074608482,0.9435449168386166,1
1,0.9105409952882405,1.0425566571936347,0
1,0.45596930911086064,0.7469467055783904,0
0,0.7990007052521843,0.3739912165772806,0
2,0.6159678334109433,1.4284397870510643,0
2,0.7072514029282784,1.2679909152784312,0
1,0.8177218917058896,0.5238686608845222,1
2,0.8874581335947048,0.8340374464965354,1
1,0.8706183735946434,1.1243996381949346,1
1,0.892004002363457,0.6626392865251808,1
2,0.7106525553205515,1.236961060796249,1
2,0.8094342799633778,0.9622047689120335,1
2,0.7498928675380024,0.5760345434105026,1
1,0.6844557453837896,1.3046742347362494,0
2,0.7813000408356569,0.8245137748315325,0
2,0.7700374880067354,0.9907423165222755,0
0,0.8239019537320111,1.2916624201891713,0
2,0.6718111390871478,1.6005196803558799,0
0,0.7949251966651865,1.1336490300734987,0
1,0.9584549484417297,1.5798813640861582,1
2,0.4649733037294777,0.7107388401740877,1
2,0.766208787358074,2.3464216516454073,0
0,0.5018177831515039,1.446976686684977,0
0,0.48612924778736466,1.2959570658499124,1
0,0.518970171496937,0.8740724828062065,1
1,0.7477828954003353,0.8043360269805008,0
1,0.7781844919548007,0.8742724484167481,0
0,0.7127422959389814,0.4308891698376709,0
2,0.9579118927590846,0.5787060410919578,1
0,0.851422157357035,0.7875669900208779,0
2,0.9680489441977613,0.9713433054253212,1
1,0.6930890509399928,0.6057000322067133,0
0,0.8429678892156179,0.7019323818934717,1
1,0.8399491695187409,1.2896676590841734,0
1,0.6365751384340067,1.1604449073383951,0
2,0.914101106788212,0.7823787070851902,1
1,0.7048842832645632,1.0416801400458047,0
1,0.43310991872897736,1.1070678816214368,1
1,0.7842528272026619,0.8144232834054362,1
0,0.7172516070028665,0.4173034340170927,1
2,0.9259987664369828,1.0824649353992213,0
0,0.8558782628825514,0.6495185317371389,1
0,0.8866673871750249,1.6587551785656791,1
0,0.8464810863100518,0.9100369556855168,1
2,0.7946569864468866,0.29896784673675525,0
2,0.9617676097426815,0.8498819260261372,1
2,0.8067541564449389,0.45072274627943776,1
1,0.68736346704821,0.6132018478863446,1
1,0.6108207831284689,0.5773815818208979,1
2,0.8585724700498105,0.982392238477901,1
0,0.7683230300573405,0.7267543682413955,0
1,0.545623712443901,1.3840005284798087,0
2,0.6018930667481978,0.8101840204718493,0
0,0.7937981241704327,1.0312433201359104,0
2,0.9193642453932868,1.639991335530609,1
0,0.7844952811140417,0.7179764982239665,1
2,0.881424757053436,0.41981789202510544,1
2,0.38230199373432416,0.784581209402675,1
2,0.284312509822002,0.8449402456301307,0
0,0.35447106498839714,1.1603590124783116,1
0,0.6105292978491623,1.478722763972385,0
0,0.9189536210568868,1.5264055729240993,0
1,0.7932327408671204,0.5914803608296088,1
2,0.4622119215748855,0.8538312286081733,0
1,0.7436460529149922,0.8020069635246407,1
0,0.539344742436037,1.6901656495044266,0
0,0.8259813319780595,1.3475362707636678,0
1,0.5943912571570503,0.866652526434587,1
2,0.7137137040974967,1.3556293305064535,0
1,0.6506661960175313,1.3473197389259566,0
2,0.7190017195712564,1.6939647980288903,0
2,0.7639916710037475,1.0401313389074411,1
1,0.9658700178320123,0.6174556601266428,1
1,0.5741046151314364,0.8194809431382128,1
0,0.7539333552302265,1.1299528732420205,1
2,0.9504542269459173,1.0654936522374134,0
0,0.4274374982439343,0.9949888713946359,0
0,0.8035630112621392,1.0985190542571468,1
0,0.7889364676214905,1.4569102199976542,1
0,0.7791053314671974,0.9308671415809938,1
2,0.6450571483690865,0.8783282181475635,0
0,0.7898134757235742,1.056054898820435,0
0,0.29873339128625925,0.7635120693729094,0
1,0.920598384986885,0.5766725620136269,1
0,0.8135124134320715,0.41903757880932524,1
2,0.568796814410534,0.6715963916521004,1
1,0.7639251199772857,2.567926598700515,0
1,0.8493951997089727,2.4172351344098963,0
2,0.7675651152710672,0.7222795628592801,1
2,0.8619663412883143,1.0102891784974994,1
1,0.7152366363945111,0.6217020880998616,1
0,0.8009583283072468,1.1776714101555548,1
1,0.7425946851355545,2.2944976813143123,1
1,0.729802195882017,0.9625070520945941,0
0,0.8377548446550159,2.588851600687244,0
0,0.7595385726492115,1.2908536126356054,1
2,0.884205892843804,0.6640764345824406,1
0,0.46853737791226413,0.6096138351767487,0
2,0.8310948761735409,0.8849095875705477,1
1,0.8449816172526444,0.7395139631976714,1
0,0.8108031452057431,0.7228740906392752,1
0,0.7807233471548196,1.4445206097087433,1
2,0.641852002817893,0.6694558371180914,1
2,0.8164376143065396,0.5312785842761726,1
1,0.9044879853053562,1.6451760232472061,0
0,0.8167473526739152,1.403907231640997,1
2,0.6749926563389637,0.9028448925951604,0
1,0.8020092835136059,1.1800478762744802,1
0,0.7609298186171336,0.9984356363165229,0
2,0.6928507883478845,1.2174669784475618,1
0,0.5870663579874387,0.8676286272348116,1
1,0.6398027187342672,0.9159380932622863,1
0,0.926357429385454,1.641925163815068,0
1,0.7833725941962597,1.2903305076370595,0
2,0.7906806580321041,1.523745565125987,1
0,0.6271580039184691,1.3863692899707243,0
1,0.6478792842604374,0.7629563472402746,1
0,0.9677271369988238,2.5326118399063557,0
2,0.6689095986645602,0.9906326989686421,0
2,0.6514651181113493,0.5602376533832832,0
2,0.8919279983981067,1.3328910934140963,0
1,0.8361479425321396,0.6671315428902201,1
0,0.7927872584863145,0.5933906983309575,0
0,0.8326675161745422,1.333909636894249,0
1,0.8560371711619716,1.7027487106343349,1
1,0.761100224141671,1.8868013515005255,0
2,0.7304535241070622,2.019622294400929,1
0,0.6094530965129683,1.8110504148844078,1
2,0.7070454252179775,1.1873059651657936,1
0,0.7804083720153029,0.6505853884265836,0
2,0.7432654679796632,0.9200793163512772,0
0,0.6541396957071093,0.9055817840684611,0
1,0.7881184976454482,1.2348036550595545,0
0,0.8016513573415639,0.8345124100483164,1
0,0.8864016272985304,0.4615266691130877,0
0,0.6545275499609756,0.992218366989701,0
0,0.6236155288155288,0.7631276724614109,0
0,0.7943780321766968,0.7123947602408122,0
2,0.5262638056753793,0.6123866326261097,0
0,0.7087893007680593,1.0445547048320276,0
1,0.7326637816272492,1.1941751186659246,0
2,0.2496312647994572,1.559375896321568,1
1,0.9479542966518876,1.558588278699538,1
1,0.5749636381168931,0.7660270943900451,0
1,0.705197368024751,1.2596419904046325,0
2,0.1258801368467079,0.6666497502728228,0
0,0.8713625787250158,0.7479750720064537,1
0,0.9517417478629131,0.8051302615270668,1
2,0.5819030249535517,1.1103442911489925,0
1,0.5515635767228876,0.8563585810726403,1
0,0.8060229857976394,0.8377768184004513,1
2,0.704691413157372,1.8041561988554558,0
1,0.8541876709932967,1.1251250242823725,0
2,0.4012581450747272,1.0856532025314292,0
1,0.726216597359691,0.44078324217650644,0
1,0.9190994966087087,1.1031954333787095,0
0,0.5227274582296256,0.8282121641304873,0
2,0.3216687183680727,0.7486476670609026,0
2,0.6900890402011306,0.7579568201892412,0
0,0.465010475874076,0.7945394106370408,1
0,0.8773848144010516,0.7917838870598994,1
2,0.6860507735836412,1.1169698363708354,1
0,0.4416417564995418,1.191151291675468,1
0,0.7834256907190552,1.6042526022223143,0
1,0.6075490790871806,0.6107453553489749,1
0,0.9319349794574112,1.3488088284269655,1
2,0.7477879895082296,0.8208961380045969,0
1,0.788478128835755,1.2185712099768977,0
0,0.8721400384683843,0.8612948714695823,1
1,0.4762466097899977,1.3814419360792802,1
2,0.5827067267026941,0.8362604470688579,1
1,0.3859774000854497,2.003148590371762,0
2,0.8511210596831041,1.1710610050339605,1
0,0.6732482923778166,0.8681596315830642,0
1,0.36320738099519617,0.6556944623861061,1
2,0.5906325780847227,1.000202769549931,1
0,0.8794723394055989,1.4056046524673786,0
2,0.6404912264423642,1.2822976110090145,0
0,0.7474331183619604,0.5590092127512382,0
0,0.4133817234579459,0.5474301372360278,0
1,0.759296022780439,0.9130749391217241,1
0,0.5241125720099556,0.9770741165864077,1
0,0.872440625629964,1.689294801066045,1
0,0.8983929023808414,0.9418802633690762,1
0,0.895168112020221,1.361667121746545,1
0,0.7631187054507043,1.1534110888797413,1
0,0.5896534214362987,0.9287449987265741,0
0,0.7984691449404882,0.9701095660189549,1
1,0.5073273396080571,0.6663701842627667,0
1,0.4427556250421664,1.7189598220603435,0
0,0.7068317683019651,0.7034863014796747,0
0,0.7495244223324159,1.152138050663257,0
2,0.747122319467273,0.9282822212578397,0
1,0.7106587416901718,1.8871936183751468,0
2,0.6435659982651513,1.1499924661972378,0
2,0.6245425824408183,1.6945232131167987,0
1,0.6861098034561529,0.9458248982917308,1
2,0.9567678842140459,1.5797469218920137,1
2,0.6502656723505047,0.6019702552586956,0
1,0.661456133877475,1.2174424008812434,0
0,0.5656472515493972,0.9183104918856428,1
1,0.560644551406914,0.41007330752092375,1
2,0.7945945483765025,1.9285104311772159,0
2,0.791483731669773,0.8668871876872778,0
2,0.5623142338228453,1.2133475670896652,1
2,0.8878954951348599,1.2711226901911326,0
1,0.7234610255513053,0.5760973671109233,1
1,0.6852486917333145,1.3405325146263258,0
1,0.7651833605810902,0.9083452740377375,0
2,0.8777392689228827,1.3941750130842043,0
0,0.9514870839584434,3.1451670046122655,1
0,0.7875494480373715,1.0578821316519482,0
2,0.7693952735592037,1.299885701069418,0
2,0.6223082847483735,0.5179593031406065,0
2,0.5813307887727555,1.161850789081127,1
1,0.6197755232630344,0.7572504085620361,0
0,0.849816982023327,1.3091320176386456,1
2,0.8259456922412775,0.4062317505797145,1
2,0.8789189965442018,1.5914737183352117,1
1,0.6827034690454469,0.7528137364208205,0
1,0.7355444211528003,1.401541417899963,1
1,0.6797960757608703,0.9667919867739738,0
1,0.7928445353651656,1.0085011873780552,0
0,0.7893151780079486,1.9212552659789854,0
0,0.5607979671759123,2.4396065413977874,1
1,0.4458249275806252,0.922763787265273,0
0,0.9495780569024308,0.7271900106219393,1
1,0.8590630471334452,0.7796692696682526,1
0,0.6073528038183262,1.3464318088479346,0
2,0.7610201513707477,1.0983433004596597,0
1,0.7602096324081707,0.8677309244153486,1
2,0.7541935637833856,1.0602176224829658,0
2,0.691165404250854,1.4815813675775367,0
1,0.947764790849348,0.7968388695753945,1
2,0.4850685121569824,1.2090183304089281,1
1,0.27651854007777454,0.9786990729789575,0
1,0.8407137994601827,1.031578163146968,0
1,0.6571107624137121,1.6002176475267051,0
1,0.7188045312240097,1.4295668436547,0
2,0.7786843679338318,1.7694611406625966,0
0,0.6967643689611804,1.529456775562058,1
0,0.8988899431537771,1.492966863542509,1
2,0.7755899794827112,0.29397240393442314,0
2,0.7303405295576041,0.8862239497357988,1
2,0.805056697815934,0.5883052980910088,0
0,0.8609031725971886,0.6060361550837919,1
0,0.5642026628756376,0.7159145606775238,1
0,0.8081224238409644,0.5457681460149693,1
2,0.3791422378733007,0.7258946939241826,0
2,0.710925108371073,0.975362439317586,1
0,0.897089483567234,0.820177987785481,1
2,0.8905145327672943,0.6890265243663326,1
0,0.5608902947881157,0.9800799786830149,1
0,0.8619482843063679,0.7872002566579935,1
0,0.8306378859701372,1.4969111126229695,0
2,0.7372148545719617,1.1739634184094365,1
2,0.7067996777713488,1.5476493013798294,1
0,0.8517299575759628,1.7121970258191388,0
0,0.9090843769085478,1.6835413201368736,0
1,0.9199171852162368,0.3957409233119554,1
0,0.8750826123717816,1.1393213786642848,1
0,0.8954703377842858,0.6822687842164223,1
1,0.7676059454475747,0.5649100669274055,1
1,0.8263636602059535,1.1204943832129628,0
2,0.426710926410501,0.9641470067773238,1
2,0.8139262072379914,2.5508806577988534,1
2,0.5605296411934302,0.7376731762958207,1
0,0.9078312990775285,0.7994239935010373,1
0,0.594019944831933,0.991797575894585,1
0,0.970734641640376,0.971286412590899,0
0,0.6767752574038924,1.1651336263321441,0
2,0.7268008058870558,1.5594082596623842,1
1,0.6074710261780626,0.8256387414119241,1
1,0.6313470840693657,0.5955473103647949,1
0,0.38465807286874715,0.5117035621069059,1
1,0.6489585281404199,0.6839771837531823,1
0,0.6680297150589704,1.5693752396365708,1
1,0.953875503970661,1.031970946567961,0
0,0.4838284875908711,1.070189936743321,0
1,0.3241558913110487,0.5622925703220902,0
0,0.7961761935517421,1.1590182869151484,0
0,0.5661812846809287,1.580028359854522,1
0,0.5962951768511001,1.6614366495978214,1
2,0.36609561863157253,1.124635876626409,0
1,0.7461995619246797,1.1485436157317441,0
1,0.7432408150624782,1.1773576111582507,0
2,0.8077413299943627,1.3358198172034812,1
2,0.8182357625435815,0.8180106643807947,0
1,0.4677867686981961,0.6003129066137075,0
2,0.5402286363121638,1.831883252197555,1
2,0.9659822212572563,1.7673104097979444,1
1,0.5999818211971943,1.0338549764345952,1
1,0.5703929202080721,1.5814520428697212,0
2,0.6099402963932702,1.1957357806232463,0
2,0.8610276230455126,0.9891172413833098,1
0,0.8637283827441127,1.0712329786197508,1
2,0.5821444073411501,2.0200779804162883,0
0,0.8321730324179328,2.046869290978151,1
1,0.7229587157917726,2.553409398041644,0
2,0.9181978866464773,1.2934875678152462,0
1,0.7175492408787728,0.7133987330060557,0
2,0.7009780854624658,1.0970710871156404,0
0,0.4956327003686254,0.7142110524081717,1
0,0.46986682852234857,0.6210666637676086,0
2,0.8895603343519825,0.8063422352338594,1
0,0.5962052887212994,0.8852136052369675,0
2,0.6612163671948633,0.8944087484437181,0
2,0.5941081329973118,1.4403054212817363,1
1,0.4125436216988618,0.8295778305959555,1
0,0.5183758618202821,2.1408919585754855,1
1,0.7539365000033044,2.8245422546901446,0
0,0.7571486197774081,0.8497658053832158,1
2,0.7990259187940364,1.5410602022392066,0
1,0.7383440165796633,1.3739626046923938,0
0,0.5370285923006206,0.8489042243378493,0
2,0.35308063178720367,2.966961442254979,0
0,0.7571399871006461,0.5922880610671953,0
2,0.6211192090103025,1.8806259428428618,0
0,0.7860819552537742,0.9442200568056995,1
0,0.7950557906246005,1.0987426462475953,0
0,0.5947524890735637,0.5867360310849175,0
2,0.6280567505618678,1.8125221214855982,1
1,0.7243542671246533,0.7512711607346104,0
0,0.7064361023966129,1.1604871511324237,0
1,0.5832328096279399,1.5063407452982842,1
2,0.27102944194010026,0.4395892929339399,0
0,0.8478871549452818,0.7000894056505849,1
0,0.840602856380192,0.9507549241066555,1
0,0.632438920944234,0.998368608662764,1
2,0.625864187650447,1.5585939435358493,1
2,0.7621216647519256,1.2778688828942903,1
0,0.5459649865071955,0.8419783216250644,1
2,0.9470586955990982,0.9370304018293436,1
0,0.6412956074891044,0.7837497124336317,1
2,0.9569052435241706,0.9668295873761317,0
2,0.853764853187388,0.6519456560905305,1
0,0.8956341700769388,1.772841861667259,0
1,0.6723515431426231,0.9448400265351028,0
2,0.7909894013746094,1.5877013136645586,1
1,0.8244003756060776,1.6003915146435033,0
2,0.46590621950971045,0.7785282900683672,1
2,0.7509385488042009,1.0804486253707026,1
1,0.7341925833174685,1.3237395144377646,1
0,0.6561095075637751,1.0040839473578311,1
1,0.7301653328375993,1.2143400046436044,0
2,0.9263208502324589,1.2370593098816065,0
2,0.7034644061420844,1.6976936024416294,1
1,0.8178281715487119,1.400074987892876,0
0,0.5416129745533138,1.0248832809286996,1
2,0.8344585653738793,1.1574215745073055,0
1,0.38514652585109604,1.1446218800333676,0
1,0.8095072560521115,0.7257198233191405,1
2,0.6786099897759837,1.0444880855220675,0
2,0.6424216992269011,1.950141512242195,0
1,0.7024329102379493,0.6302744917143581,1
0,0.73836532495246,2.1008141454658036,1
2,0.5174569275353953,0.9700730373072602,0
1,0.9110469638741472,0.925690634864728,1
0,0.255217258411566,1.497462969503398,0
1,0.945238822841983,0.933007162400932,0
0,0.5554653641228803,0.7293608236207466,1
1,0.6182904443459124,1.1979139767213072,0
1,0.9108519622023024,0.2775300776677172,1
2,0.9345016424177505,0.9527813797979658,1
0,0.7614383579379266,1.3549685173255024,1
1,0.8410433216762783,0.836681582523249,1
2,0.5600393254067284,0.7193571057771512,0
0,0.9066273971133805,0.7367282739105698,1
1,0.8799113679616543,0.4179444850794219,1
2,0.9382903033062159,1.086457123856948,1
1,0.5145881561864809,0.7346995722960673,0
0,0.7379580847662911,1.3956898458728146,1
0,0.7836521781157801,1.0763305362765891,1
0,0.6200076873383011,2.2008980102957065,0
1,0.5594110619503144,1.036673819103361,0
0,0.8512135725877055,0.9355644240350532,0
1,0.8909750857417507,1.2587251391180427,1
1,0.7020540476408358,1.43938167345854,1
0,0.7654101971138805,0.991926553250148,1
0,0.7905231325529667,1.062550116633655,0
0,0.716179561750625,1.0630172210746751,0
0,0.731991514946324,0.627220068832196,1
2,0.7963703754520287,0.9411662150964369,0
0,0.5592262755101972,0.7566044784709783,0
1,0.7729008668451335,1.478615561753342,0
1,0.9180924179002377,0.6386518962196714,1
1,0.9534873528451254,0.8444913604623226,1
1,0.7712575280912082,0.9462732477592093,0
0,0.6482256384872832,0.6813728225878918,0
0,0.7697527082168172,0.7519828774473722,0
2,0.9737438379062769,0.9318673307176613,1
1,0.650022753529694,1.6456515846152227,0
0,0.44327976152898096,0.9322821243023703,1
2,0.539348437122474,1.0666333526632286,0
2,0.8556396589148896,0.6578887890986759,1
1,0.6633771836347094,1.088463184589522,1
1,0.6475542314396759,1.0187020591448055,0
0,0.7002889079376468,0.6629972992213591,1
2,0.9584112917068816,0.9219744031884666,0
2,0.7370382535073939,0.7124982159459359,1
1,0.8346703756977303,1.7181392083425853,1
0,0.8162734502924279,1.8695436301816273,1
0,0.8781079092228722,2.849084072688765,0
1,0.576533438272113,1.8340687294053033,1
2,0.6208147821394587,2.4103829081935957,1
2,0.5917832386483055,0.7180587406013524,0
2,0.7697038547754481,0.9494325341805044,1
2,0.8873414913470767,0.9898621578299848,0
1,0.7331892138894843,0.9695321851352832,0
0,0.5283006474914957,2.117339541898426,0
2,0.8162725457562959,1.015263900122623,1
2,0.7030813094083211,0.7179844494505379,1
2,0.5151090220108108,2.0205712184547715,1
1,0.7927319283126791,1.7608834216673963,1
0,0.7098462953927733,1.1277225074785162,0
1,0.8363061756149022,1.371203057967271,0
0,0.719356094614707,0.6807699890729758,1
2,0.7958568296641518,0.49255422009675653,1
0,0.6220218613926578,0.43904764119045625,1
2,0.8576303339330631,1.144067081494589,1
0,0.8758890634544569,1.6065270601355521,1
2,0.6869542060231656,0.9977630357315228,1
0,0.5577939374304212,1.7611668651924557,0
1,0.6874206140804485,0.8389847793735853,0
0,0.875186791747187,1.088027699942955,1
0,0.8807231983487505,1.4931170649453485,0
0,0.6443259032338863,2.8061806109376697,1
0,0.7486483772882111,1.145901574305608,1
0,0.9366859847481652,2.475555615107347,0
0,0.8447022090176673,1.4549518255803844,1
0,0.6878611240776162,0.7087503553203575,1
2,0.8998012850329371,0.9869442480026043,1
2,0.9527322687335907,1.4465778604547472,0
0,0.7865069124296127,0.746587483545093,1
0,0.7341624210224945,0.5879243308303191,0
1,0.9623254311083395,1.4439877513763841,1
1,0.6268800773282484,0.6831613640034587,1
0,0.39876608672828534,1.0599955689907687,0
2,0.7691881272920592,1.1426584332341405,0
2,0.85771514569297,1.6033137106694169,1
1,0.7465317234607541,0.5799915581074941,0
0,0.5826368841773716,0.5759951330990173,1
1,0.8601987060131545,1.2292233110256954,0
2,0.9226964952317015,1.210912355829866,0
0,0.8133354071111736,0.6984127533949345,1
2,0.5943016594297073,1.7791376671171375,1
0,0.6820817977932035,1.2894169000046707,0
1,0.9197472086639696,1.0384505522370582,0
1,0.751897691522277,0.5839964880142033,1
2,0.7098894213583095,0.914853845152682,0
1,0.47522144616234996,1.2187253054484335,0
1,0.8235596570496438,2.2198867080443967,0
0,0.8181889322997652,1.3285163219519098,0
2,0.6594778143951869,0.5832040295473588,0
2,0.771018820604115,0.6888078023166951,1
1,0.8237270572842174,0.9234601784933352,0
0,0.6948324341664377,1.0510611325650712,0
1,0.8112237122487712,0.9931454101019955,1
1,0.7083564666777401,0.7228981314339903,1
1,0.7926252343000352,0.7395255793862842,1
1,0.8348763246097202,0.7324054214091641,1
1,0.8646749960998849,0.876022831657115,1
1,0.7538650514859342,0.8767327296372975,1
1,0.6790627317583854,1.3895134745429305,0
0,0.6642539878674034,0.949430726889115,1
1,0.7914204647196873,1.0135040133928657,1
2,0.6903197156557145,0.5243699924188477,1
2,0.652556971875338,0.7595347081553392,1
2,0.6806326480109054,1.165106076722761,1
0,0.7457155410474997,2.0830003326880155,0
1,0.8784322355474391,0.7940455981441663,0
0,0.8642344536647626,0.49195750661456294,1
0,0.49019567157342275,0.9445116226716729,0
1,0.7220862832047431,1.8825807219688881,0
2,0.7904002990247838,1.3491298180412727,0
2,0.8097443029845762,1.265126323183642,1
2,0.6441414903281518,1.0763174661292743,0
0,0.8186767026009139,0.7185994097300976,1
1,0.8877638313526077,0.9020953791856762,0
2,0.8525881580139852,0.916765868073113,0
0,0.8062468591919566,1.160955251457486,1
2,0.6335783158550445,0.6199707102546603,0
1,0.6724867377219265,0.9629902569554861,1
2,0.6087826711863444,1.2961551052110387,0
2,0.8515743310510622,1.2516262979593218,1
2,0.674314519581444,0.9580591396131583,1
1,0.9820619854713757,0.9111483182849832,1
1,0.7857372732601847,0.9987261865655913,1
1,0.44306269972703805,1.3682735310134992,1
2,0.5806962657625201,0.7451906801518111,1
2,0.8345456138449189,0.8958507397010499,1
1,0.5370634371021813,1.5436245337160315,0
1,0.6735418473278229,1.2371677818880553,1
1,0.7867681367123388,2.2552016521315084,1
0,0.6184740819214969,0.73712807896969,1
1,0.5145379698651221,1.164355016408203,1
2,0.7541925450248473,1.169424191324541,1
2,0.4236538969707461,1.5623757089635006,1
2,0.6939379842481123,0.8823082389612856,1
2,0.7791488209242518,1.6618791266689699,0
0,0.790631183575221,1.1216078377847332,1
0,0.676437497678302,1.4707249444147492,0
1,0.667370658273101,1.443641224117742,1
1,0.8145057604122571,1.4210081539030828,0
2,0.6908450611811375,1.8177870147351027,0
2,0.4139008982485103,0.9810105791733377,0
2,0.7059060283978941,1.393723946497343,0
0,0.7895889338093174,1.0756279605883614,0
2,0.6438201970665004,1.2722165757385981,1
1,0.7138769842660151,0.8438436727441749,1
2,0.9428940048656916,1.5879092871844194,0
0,0.8222684908114553,1.2266626979885595,1
2,0.808555460714522,0.9843680900436033,0
1,0.852731303060059,0.8984487098153133,1
1,0.8954102284206258,1.0137102145208117,0
2,0.9311253913970347,0.9308428957604103,1
1,0.4663181697383269,1.3895167663873762,1
1,0.23808232793382483,1.1360244556948367,0
0,0.809361082378946,2.154831818113252,1
1,0.7834253229937043,0.7335273263283689,0
1,0.8603467231200033,1.2805998810541526,1
0,0.8784979108759111,0.8908708733676983,0
1,0.5053358811290541,1.1455366593306313,1
1,0.9092618953234154,0.7092256358248811,1
2,0.7498790738262643,1.1298709053334435,0
1,0.9092316881403928,0.9619821893173148,0
1,0.7172390808218381,1.8992537271924081,0
1,0.7339271578823968,1.0818000110718693,0
2,0.7204921274693258,0.6210816506712269,0
0,0.7225772689688643,3.1298330264280607,0
0,0.6110548040064712,0.787756488352348,1
0,0.8355773063018854,1.1645261981233104,1
0,0.4814700406452676,1.0369115027309441,1
2,0.7283908757413368,0.9003024049641712,0
1,0.7550945651547686,1.1057935126764145,1
1,0.9423167548214281,1.1303625132280826,1
2,0.9125560445509984,1.6144387078721338,0
0,0.8384677064974246,0.6033377333605412,1
0,0.8422070122485732,0.5849658143739063,1
2,0.5504954203710922,0.4962824737535186,1
2,0.8119159085661526,1.5086354425987647,1
2,0.5785106792219332,0.99520953314254,0
2,0.8214277658502459,1.3739831142453742,0
2,0.8768299725146788,1.2383703578457128,0
1,0.9492869513473593,0.8115042395895784,1
1,0.7960148297985296,2.4398775208649712,1
1,0.7948778808844814,1.1463403303883284,0
0,0.8476791192300787,1.5613185250124768,0
0,0.6652124748935934,1.3999687764640418,1
2,0.5894330259346082,1.6152934978818663,1
2,0.4715197483952016,0.9349789296466557,0
1,0.7595691656449478,1.1448681086282133,0
0,0.6969548792060817,1.2393750882026233,0
2,0.7165311082434634,1.1773819467278022,1
2,0.7685810172079028,0.9639339463966903,1
1,0.48310404615340696,0.6187152419827044,1
1,0.940856747103219,0.8021106956841041,1
2,0.5959363551023997,1.8930060693781006,1
1,0.8325969781987069,1.1308996371687872,1
0,0.667489982766973,1.142428849407133,1
2,0.6405870448274965,1.8601130779227895,0
0,0.8875222322371802,1.1957843266462271,0
1,0.8047180456550304,1.6485771034822339,0
1,0.7299959628597439,0.9652527922183723,0
0,0.5311838446801264,1.6196325843678168,0
2,0.9108592206646446,0.752760193831852,1
1,0.7910039017521299,3.3660849843057767,0
0,0.5613531887353768,0.6037597015557044,1
2,0.6711762767938408,1.6591749246407317,1
0,0.661044440703908,1.6408998082793425,1
0,0.7951770236974074,0.789410625102674,0
1,0.8634815907323191,0.7711315329440657,0
0,0.6924206700437121,1.3672037244531114,0
1,0.4457606072507047,1.2917113068328352,1
1,0.5423764026236876,0.9395020319912102,0
2,0.8931837974596328,0.48560479753489844,1
0,0.7680872349672953,0.6735220068199836,0
2,0.8277808320217296,0.8744205906580774,1
1,0.9306678153479835,1.1312150190930774,0
1,0.6141093309131015,1.1700925246336984,0
0,0.9635377560351803,0.38861190728394396,1
1,0.7158781937355017,1.277154087930531,0
0,0.8304143931761642,1.1370847434214442,0
2,0.7590498674636393,0.8649490550750093,1
0,0.5544753387446516,2.4453347793195874,0
0,0.7229921575222961,1.1241630418593822,1
1,0.751424909817136,0.8075127403766397,1
1,0.7512867553832303,1.9303399194349562,0
1,0.7708187457862823,0.9675329092895685,1
0,0.9008106365179654,1.1155788015984114,0
0,0.7970618217728305,1.046825853300277,0
1,0.8975235420422454,1.0073255101887906,0
2,0.7561564335349384,1.4996935492218826,1
0,0.5644333072321981,0.46675615419515654,1
1,0.6149605773089776,0.4834002629005668,0
0,0.46315295750442026,1.3785529240855128,0
0,0.9084381319414153,1.0107068834340236,0
2,0.6496371913032547,1.3772780508127542,0
1,0.849727626117608,1.9033220096755823,0
2,0.8857012673195993,1.4219817425197077,1
2,0.644742359414654,0.5825734524781238,0
2,0.660430407262722,0.8441352816169437,1
0,0.7169567611431402,0.8923047875532625,1
0,0.7846139458353312,0.5005692625772037,1
1,0.7230671379282134,0.8093164765303881,1
2,0.7700517601336339,2.1621421832209564,1
1,0.9010862490330509,0.7658289929188107,1
0,0.7145047827089266,1.6770456236711084,0
0,0.8605459965702109,1.057835187324326,1
1,0.3857023041942367,1.0783020869317768,0
1,0.5735465065057327,1.3279062443777994,1
2,0.6345255186588,1.1684420969622789,1
0,0.6501056537694214,1.0043595991249672,0
2,0.40940224849021006,0.9061682283912115,0
0,0.9199200058954334,1.483989436905013,1
2,0.4857030541763717,0.8086692899246184,0
1,0.4678794724537222,1.2966286172160686,0
1,0.37491621165635025,1.5328343496774672,0
0,0.45059522731300944,0.8217825498648925,1
1,0.7432848097619849,1.054944405829558,0
2,0.20742754124626683,1.1845056762849844,1
0,0.8119774759216276,1.9791583046425287,1
2,0.89771584515882,0.8060854596987558,1
1,0.8023631919391832,0.7898316136350166,0
0,0.4745304526985473,1.8737364880207563,0
2,0.9386406556076893,0.793035811938119,1
0,0.6841771040107141,1.4801760544177216,1
2,0.8072891915332812,0.7357394036152087,1
0,0.8847709543541487,1.0442076188755263,0
1,0.5738744365263456,1.1571752375168662,0
1,0.8171821894967213,0.5918422684108952,0
1,0.8875476590791705,0.8957477011587288,1
0,0.9176637351009076,0.6913765794017114,0
0,0.9612991735540996,1.5922155990520648,1
1,0.9004466269154684,2.213080236142541,1
1,0.7809451971131494,1.3933227946400994,0
0,0.9877795782934227,1.3758083008097035,1
2,0.8714509615118197,0.6842618931495299,1
0,0.6446420702766041,1.2608546481653358,0
1,0.938080367381665,0.5532123100731307,1
2,0.5757482807123333,0.9731851142830921,1
0,0.6836565336407047,1.5827651844339325,0
0,0.1264375214783077,0.5860184286003834,1
2,0.7018604500541185,0.7353715780214517,0
2,0.7518335677059388,0.9580724278030278,0
0,0.632938403557258,1.2353127172540048,0
0,0.7153703178084039,1.0059708370210958,1
1,0.6732480630028284,1.1561709952876924,1
2,0.8781717316655465,1.2266426714068857,0
2,0.405071964677609,1.3063915161502133,0
0,0.8650727058013326,0.8338520690163501,1
1,0.7895234840575005,1.1687308663841918,1
0,0.7703411040635031,0.6430617166608346,0
0,0.6625163501524455,1.1931803804365058,0
1,0.7634595618008266,1.289868888544726,0
1,0.9058781138526535,1.6343581209639915,0
2,0.7660528190092754,2.8370183767100836,1
0,0.8659459501520924,0.7658329724711738,1
0,0.8030050234034442,1.0895794969926158,0
0,0.5856812756881076,1.2983675861098407,0
0,0.7380579777280276,0.7439428048759271,0
2,0.33707754362577724,0.6494406534845358,0
0,0.6199919378890657,1.3466611211654491,1
0,0.91529159145964,0.41986032394373085,1
2,0.22428468092421902,1.8169726850045091,0
1,0.8689849559642386,1.6742662861825182,1
1,0.714807524062472,1.1131437865545517,0
2,0.39015429971927873,1.0853229700855858,0
2,0.8531986953012989,0.9629860405291705,0
0,0.9090005050925349,0.7638993697533248,1
2,0.5822415651479492,1.811009264088504,1
1,0.45425854173989516,0.8488678405532238,1
1,0.6011017913239851,0.8583104918017453,0
1,0.7137389367026755,1.3843578301947295,0
1,0.3715714225449173,1.0233310713765722,0
0,0.535240717118061,1.3692124922879698,1
1,0.7690297633229605,1.0825349573351504,1
0,0.3842383076009832,1.1086102538349638,1
0,0.7769602731367415,1.013231081165379,0
1,0.7472366687340211,1.105850245073968,0
1,0.8413486135794753,0.6798258092141497,1
2,0.8555675191394944,1.060690671806909,0
1,0.3101201655123506,1.1727505866125574,1
0,0.43950900874279936,0.6837707774771962,0
1,0.7721515225040818,0.8224876665994388,0
2,0.3283009621984462,0.5623579858165794,0
0,0.434040995919432,0.8525929197112025,0
2,0.6138130022308381,1.3196885632613617,0
0,0.7311440193552978,0.5573250698934817,1
2,0.7477404147157181,0.7115319255570834,1
2,0.39495358992960505,1.4932571119000424,1
0,0.6841315049646762,0.6120860907406526,1
